temp(c),pressure(mb),humidity(),cloud cover(),wind speed(mph),wind dir.,precip.(mm)
28,1005,85,22,7,6,0.1
27,1005,83,15,6,7,0
28,1006,80,15,5,7,0
33,1007,70,16,6,7,0
35,1006,61,32,7,6,0
35,1004,65,38,6,6,0
32,1005,75,15,4,6,0.1
30,1004,78,8,2,12,0.1
29,1004,81,12,2,14,0
30,1005,79,14,1,10,0
34,1005,64,34,0,3,0
36,1004,57,62,1,7,1.6
35,1002,63,37,2,12,3
32,1002,75,25,3,8,0.1
30,1004,76,22,3,9,0
29,1004,80,23,3,8,0
29,1004,82,16,2,8,0.1
30,1005,79,11,2,7,0.1
34,1006,65,20,4,6,0.4
36,1005,57,38,3,4,1.7
35,1003,62,39,4,3,2.6
31,1004,75,32,5,5,1
29,1005,80,20,5,6,0
28,1005,83,15,5,6,0.1
28,1005,84,20,4,5,0
29,1006,83,14,6,5,0
33,1007,73,17,7,5,0.4
35,1005,62,38,6,5,0.8
34,1003,64,36,6,5,0.1
31,1004,75,30,5,5,0
29,1006,80,47,6,5,0
28,1006,85,42,4,5,0.1
27,1005,85,73,3,5,0.4
29,1006,79,63,4,6,0.5
34,1006,67,46,4,6,0
35,1005,59,67,5,5,0.2
34,1003,63,74,5,5,0.3
31,1003,73,57,4,5,0
29,1005,77,54,6,7,0.2
28,1005,84,71,5,10,2.7
27,1004,91,79,5,15,5.2
27,1005,89,61,7,12,1
30,1006,79,42,9,3,0.3
31,1005,74,50,11,3,0.9
32,1003,78,68,8,3,1.8
32,1003,88,55,4,3,1.9
29,1005,92,55,5,3,0.8
27,1004,93,66,6,3,0.2
26,1002,92,99,6,3,0.1
26,1003,91,99,6,3,0.1
28,1005,90,78,7,4,0.2
30,1004,83,39,9,4,0.1
31,1002,77,42,8,3,0.1
31,1003,86,18,6,3,0
28,1005,90,13,6,3,0.1
27,1004,89,13,4,7,0.2
27,1003,86,8,2,14,0.3
28,1004,83,5,2,13,0.1
32,1006,68,7,3,13,0
34,1004,58,8,5,13,0
34,1002,58,4,7,14,0
30,1003,66,3,6,13,0
28,1005,65,3,5,13,0
27,1004,70,2,6,13,0.1
29,1016,38,1,2,6,0
27,1014,42,5,3,6,0
20,1015,57,21,3,5,0
17,1016,63,27,3,4,0
29,1000,74,0,6,6,0
28,1000,77,0,4,6,0
30,1000,73,0,5,4,0
34,1000,58,0,2,3,0
37,998,46,24,4,6,0
37,997,41,62,7,15,0
34,998,50,30,5,11,0
32,999,61,0,2,4,0
31,1000,69,0,0,5,0
30,999,74,5,1,7,0
32,1000,63,9,4,8,0.1
36,1000,49,0,7,11,0
38,998,36,0,10,14,0
38,997,38,0,4,15,0
35,998,47,0,4,11,0
31,999,68,0,4,4,0
29,999,71,0,3,6,0
28,999,75,0,3,6,0
31,1000,60,0,3,8,0
37,999,36,0,7,12,0
40,997,25,0,9,14,0
39,996,32,0,2,14,0
36,996,39,0,4,10,0
33,997,58,0,5,3,0
30,997,67,0,5,4,0
28,997,78,0,7,5,0
30,998,71,0,8,5,0
36,998,48,0,4,5,0
39,996,37,0,2,9,0
39,995,38,0,4,15,0
37,996,45,0,6,12,0
33,997,73,0,15,4,0
31,997,82,0,15,6,0
30,998,79,0,11,5,0
30,999,76,0,14,5,0
34,1000,65,0,13,5,0
35,998,54,0,12,9,0
33,996,50,0,9,16,0
34,998,60,2,9,12,0
31,1000,83,5,13,5,0.1
28,1000,84,1,12,5,0
28,1001,87,6,10,5,0.4
28,1002,84,8,14,6,0.6
31,1002,73,16,17,6,0
31,1001,73,42,11,6,0
32,1000,68,22,6,4,0
31,1001,73,4,7,4,0
28,1002,86,13,5,6,0.1
27,1002,87,23,7,6,0.1
27,1002,87,36,4,5,0.1
27,1003,86,48,5,4,0.9
28,1002,86,57,5,4,5.2
29,1001,82,69,4,2,12.53
27,1000,88,61,2,3,2.1
29,1000,84,46,5,3,0
26,1001,90,53,6,2,0
27,1002,88,59,5,3,0
27,1001,88,54,1,3,0.1
28,1002,90,63,4,3,0.2
30,1002,82,53,6,4,0.1
32,1000,69,59,4,5,0.2
31,999,68,40,3,8,0
31,1000,74,35,3,15,0
30,1001,78,40,3,12,0.1
28,1001,82,27,3,3,0.2
27,1000,85,31,2,4,0.1
28,1001,80,26,4,4,0.1
31,1001,70,0,2,5,0
34,999,61,0,3,9,0
34,997,59,0,3,10,0
31,999,66,0,4,8,0
29,1000,73,0,5,7,0
28,1000,77,0,5,6,0
28,999,78,0,7,6,0
30,1000,76,0,7,7,0
33,1001,67,9,7,7,0
33,999,64,18,5,6,0
32,997,67,0,4,6,0
32,998,65,0,5,6,0
31,999,70,9,5,6,0
30,999,76,18,6,5,0.2
28,998,79,6,5,4,0.4
29,999,76,12,3,6,0.1
33,999,66,0,3,5,0
35,997,55,15,5,3,0
35,995,55,47,6,3,0
32,996,66,50,2,5,0
30,998,78,40,2,6,0
29,998,82,20,2,6,0
28,997,86,5,1,6,0.1
30,998,78,0,4,6,0.1
33,997,64,0,2,9,0
36,995,53,17,2,15,0
35,994,51,45,2,15,0
33,995,61,22,2,11,0
32,997,72,0,4,5,0
30,997,78,0,5,6,0
28,996,83,0,3,6,0
30,997,77,0,3,6,0
35,997,57,13,4,10,0
37,996,43,26,4,13,0
36,995,44,0,2,15,0
34,996,54,0,2,12,0
31,997,67,0,4,5,0
30,998,73,0,4,5,0
28,999,80,0,3,6,0
30,1000,75,0,5,10,0
34,1001,61,0,4,14,0
37,999,49,0,4,16,0
37,998,46,0,7,11,0
34,999,57,0,5,3,0
32,1000,71,0,6,5,0
31,1000,76,0,8,5,0
30,999,79,0,8,5,0
28,1000,82,0,5,5,0
30,1000,73,0,2,5,0
35,998,56,15,5,3,0
34,997,59,45,4,1,0
33,998,63,44,7,3,0.1
31,999,80,34,10,5,0.7
29,1000,84,7,7,5,0.8
27,999,84,0,6,6,0
28,1000,80,0,9,6,0
32,1000,68,0,6,6,0
35,998,56,0,4,6,0
35,997,55,0,3,6,0
33,999,63,20,4,5,0.3
31,1000,75,56,8,8,0.7
29,1000,82,53,7,7,0.1
27,999,90,45,1,6,0
30,1000,75,0,4,7,0
33,1000,62,0,2,12,0
36,998,54,24,0,14,0
35,997,53,66,0,12,0
33,998,59,37,1,10,0
33,999,65,0,1,4,0.1
31,999,72,5,0,6,0.2
29,998,81,10,2,3,0.3
31,998,73,0,2,8,0
34,999,58,14,1,14,0
37,997,49,50,5,14,0
37,995,49,58,6,14,0
34,996,55,42,2,10,0
33,997,60,37,3,3,0
32,997,68,41,2,7,0.2
30,996,75,28,2,9,0.2
31,997,70,22,2,9,0.3
34,998,56,35,3,11,0.5
37,996,50,60,4,12,0
36,995,50,63,5,12,0
32,996,65,56,2,10,0.1
30,997,79,44,5,4,0.3
30,997,74,29,5,5,0.4
28,996,80,0,4,5,0
29,997,81,0,4,5,0
32,998,69,11,3,9,0
34,996,61,21,2,14,0
32,995,62,0,3,14,0
31,997,69,9,2,14,0
29,998,82,29,4,12,0.1
28,998,86,30,3,6,0.2
27,998,87,17,1,5,0.1
28,998,83,0,1,4,0
31,999,73,9,2,7,0
33,997,65,34,2,14,0.6
33,996,63,47,3,11,1.3
30,997,76,32,1,2,0.1
27,998,92,0,1,2,0
26,999,92,0,1,4,0
27,998,90,9,0,4,0
29,999,81,27,2,8,0.1
32,1000,66,33,2,14,0.1
34,998,60,40,4,14,0
34,997,58,22,2,13,0
32,999,69,7,1,10,0.4
30,1000,76,20,4,5,1.1
28,1000,84,12,6,5,0.7
27,999,89,6,4,5,0.2
29,1000,82,19,2,5,1.5
32,1000,68,27,2,9,2.3
34,998,62,40,3,16,0
34,996,57,19,3,16,0
32,997,67,0,3,12,0
31,998,73,0,3,5,0
30,998,78,8,3,5,0
28,997,85,16,4,6,0.1
29,998,81,0,6,6,0
32,998,71,10,4,5,0
33,996,66,20,5,4,0
33,995,66,15,9,4,0
32,997,69,38,7,4,0
31,998,73,17,7,5,0
30,998,79,10,6,5,0
29,998,84,20,7,5,0
30,998,79,0,11,5,0
33,998,67,15,12,5,0
34,996,60,38,11,5,0
34,995,59,29,8,6,0
32,997,67,37,10,5,0
31,999,72,31,12,6,0
30,1000,77,11,8,6,0
28,999,82,21,3,6,0
30,1000,79,12,9,6,0
33,1000,67,46,11,5,0
34,998,59,58,10,6,0
34,996,56,40,8,6,0
32,998,63,28,10,6,0
31,1000,70,44,13,6,0
30,1000,76,72,11,6,0
28,999,81,50,8,5,0
29,1000,79,14,11,5,0
31,1000,68,54,12,5,0.1
34,998,59,67,11,5,0.1
34,996,58,46,10,6,0
32,998,64,45,10,6,0
32,999,64,47,11,6,0.1
31,1000,72,49,10,6,0.2
29,1000,79,36,9,5,0.1
29,1000,76,33,11,5,0
32,1000,65,44,13,5,0
34,998,58,43,12,5,0
34,996,59,30,10,6,0
32,998,62,36,11,6,0
32,999,67,49,12,6,0
30,1000,78,58,9,6,0
28,1000,89,49,6,6,0
31,1000,70,35,9,6,0
37,1000,45,40,11,6,0
40,998,35,30,12,6,0
41,995,32,0,12,6,0
39,995,37,15,13,6,0
37,996,44,47,11,6,0
35,996,50,42,9,7,0.1
29,997,81,20,5,7,0.1
29,997,81,15,6,6,0
31,997,74,51,2,6,0.3
33,995,63,55,3,6,0.6
33,994,64,45,3,7,0.3
32,995,71,47,4,5,0
31,996,76,46,7,5,0
30,996,80,42,7,7,0.3
28,995,84,39,3,5,0.8
31,996,75,54,4,6,0.8
38,996,51,62,5,13,1.8
39,995,47,58,5,11,5.6
38,993,47,64,6,4,4.2
37,993,50,44,9,5,0.1
33,995,62,57,11,6,2.3
32,996,71,73,7,8,6.3
31,995,75,84,3,9,6.3
31,996,73,79,5,11,5.4
34,998,61,63,7,7,0.5
36,997,52,89,7,8,2.5
38,995,50,61,5,8,3.7
37,995,55,58,4,7,2.3
35,996,65,80,6,7,3.4
31,997,72,56,7,8,1.7
29,996,79,66,3,9,3.9
30,997,79,88,3,8,4.7
32,998,73,85,7,12,1
33,997,69,51,10,12,1.5
35,995,58,44,8,11,0.2
34,995,58,40,7,11,0.1
32,996,69,37,5,10,2.2
30,996,77,56,7,11,6.7
30,995,79,66,7,12,6.7
31,995,76,46,5,13,3.4
34,995,65,45,5,11,0.9
36,995,60,53,3,12,1.8
35,994,62,73,5,12,12.53
31,995,79,83,10,6,12.53
30,996,84,48,6,6,5.5
29,995,88,63,6,5,6.8
28,994,89,96,9,5,12.53
28,995,91,100,13,7,12.53
29,997,92,100,14,11,12.53
30,997,86,96,12,11,12.53
31,997,78,83,9,12,1.5
31,998,82,80,7,11,0.8
29,1000,85,88,5,9,0.2
28,1000,85,88,4,7,0.1
28,999,85,98,5,7,0.1
28,999,83,98,7,7,0
31,999,75,80,10,6,0.1
33,998,69,60,11,8,3
32,997,74,81,8,12,12.53
31,998,80,89,6,12,3.8
28,999,84,78,7,11,0.3
27,999,84,49,4,9,0
28,999,84,69,4,7,0
28,999,84,91,6,7,0.1
31,999,78,86,7,9,0.2
36,998,62,63,5,11,0.1
37,997,55,62,3,9,1.9
35,997,67,45,5,7,5.5
30,998,76,49,6,7,3.7
28,998,76,41,4,8,1
30,998,77,57,4,7,1.5
32,998,73,61,5,7,0.5
35,999,59,71,5,7,0.1
37,998,50,82,6,6,0.3
37,996,52,80,6,6,2.1
35,996,65,60,8,6,3.7
32,997,73,40,8,6,1.5
31,997,76,44,6,7,2.5
31,997,77,57,5,7,2.1
31,998,76,58,5,6,0.6
34,1000,71,59,5,6,1
35,999,61,75,7,5,0.9
36,998,60,52,9,4,1.6
33,999,72,47,13,5,6.6
29,1000,82,71,13,6,12.53
29,1000,83,75,10,5,0.5
29,999,85,75,6,5,1.6
30,1000,83,78,4,5,3.3
33,1001,75,61,6,5,0.8
34,1000,67,70,9,5,2.9
33,999,74,68,10,5,12.53
29,999,89,100,9,5,12.53
28,1000,90,86,14,6,12.53
27,999,91,75,14,6,12.53
26,998,93,100,11,6,12.53
27,999,93,100,10,7,12.53
29,1000,83,100,9,11,12.53
30,1000,73,100,8,9,1.7
31,999,81,100,11,4,3.3
30,999,86,100,13,5,0.4
29,1001,90,89,13,5,1.4
28,1001,91,77,15,5,3.3
27,1000,92,100,13,5,1.4
28,1001,87,91,13,5,0.1
31,1002,73,62,14,5,0.2
34,1001,60,47,14,5,0.1
34,999,60,46,13,5,0.4
32,999,71,41,11,5,1.8
29,1001,83,56,11,5,2.4
28,1001,86,59,14,5,0.2
27,1001,88,91,13,5,2.2
28,1001,83,81,14,5,4.4
31,1001,73,55,11,6,0.6
32,1001,68,61,10,6,0.5
33,999,64,36,9,6,0
33,998,68,46,8,6,0.1
30,1000,77,43,6,6,0.6
29,1000,81,51,7,6,1.7
28,999,84,78,6,6,1.6
29,1000,80,60,8,5,0.7
33,1000,65,25,11,5,0
36,999,54,66,10,6,0.1
36,997,54,42,10,6,0.6
34,998,63,29,9,6,2.6
31,999,75,26,7,6,3.3
30,1000,79,26,9,5,0.1
29,999,82,28,9,5,0
30,1000,77,21,8,5,0
34,1001,60,21,10,6,0.1
37,999,50,71,11,5,0.4
36,997,51,65,10,5,0.7
35,997,59,24,10,5,0.6
32,999,71,18,8,5,0.1
31,999,75,27,8,5,0.1
30,999,78,37,7,5,0
31,999,74,25,5,6,0.1
36,1000,54,16,5,6,0
39,998,43,43,6,5,0
39,997,41,38,7,5,0
37,996,51,38,6,6,0
33,997,61,30,7,6,0
32,998,67,18,6,6,0
31,997,72,0,6,7,0
32,998,68,0,6,7,0
37,999,52,16,7,6,0
39,997,41,42,7,5,0
40,995,39,30,7,4,0
38,995,49,19,7,5,0
34,997,61,0,9,5,0
33,997,67,0,6,6,0
32,997,70,9,5,6,0
33,997,67,17,8,5,0
37,998,52,15,11,6,0
40,997,39,39,12,6,0
40,995,39,36,11,5,0
37,995,48,31,9,5,0
34,997,58,10,8,5,0
33,997,64,19,7,6,0
32,996,69,0,6,5,0
32,997,68,0,9,5,0
36,998,55,20,15,5,0
38,997,45,56,18,5,0.6
37,995,50,50,20,5,3.3
33,995,64,53,19,5,4.5
30,997,73,61,17,5,0.2
29,997,77,87,17,5,0
28,997,81,99,15,5,0
29,997,77,92,16,5,0
32,997,64,88,19,5,0
34,995,55,89,19,5,0.2
36,993,53,67,19,5,0.3
34,993,60,60,18,6,0
31,995,69,35,17,6,0.1
30,996,73,25,15,6,0.1
29,996,76,47,14,5,0
30,997,73,70,15,5,1
34,999,62,43,18,6,4.4
36,998,55,54,17,6,12.53
36,997,56,54,14,6,5.2
34,997,61,57,13,6,0.2
31,998,70,65,11,6,0.2
30,998,74,71,11,6,0.1
29,997,76,95,12,5,0.1
30,998,74,73,12,5,1.9
34,1000,63,53,13,5,4.4
36,999,53,57,15,6,1.4
37,997,51,54,13,6,0.1
35,997,57,54,10,6,1
32,998,70,36,8,7,4.1
31,998,76,37,6,6,5.7
30,997,77,44,6,5,3.4
31,998,75,39,10,4,0.4
33,998,64,56,16,5,0
35,997,55,72,17,5,0.1
36,995,53,52,15,5,0.3
34,995,60,51,12,6,0.6
31,996,69,40,10,6,0.4
30,996,73,29,9,5,0.1
30,995,76,26,8,4,12.53
30,996,75,34,9,4,12.53
31,998,69,67,13,4,12.53
31,997,70,64,15,4,12.53
33,996,64,58,13,5,12.53
33,996,62,78,11,4,12.53
30,997,72,69,11,4,1
28,997,78,100,15,4,12.53
27,995,81,100,16,4,1.4
28,996,78,98,16,4,2.6
29,996,69,96,15,4,0.4
30,996,71,100,18,4,1
31,995,70,100,19,4,0.6
31,995,74,100,17,5,0.3
29,996,79,100,17,4,0.2
28,996,81,100,19,4,0.4
27,995,81,100,21,5,0.3
27,996,80,100,23,5,0.2
29,997,74,100,24,5,0.3
32,996,67,100,25,6,0.7
32,996,64,100,23,6,1.9
31,996,72,96,18,7,2
30,998,78,82,14,7,0.4
28,999,80,59,11,7,0.2
27,998,82,36,10,6,0
28,1000,78,46,12,6,0
33,1001,64,68,16,6,0.1
36,1000,53,75,15,7,0.2
36,998,50,53,13,7,0.1
35,998,57,44,11,7,0.2
32,1000,67,29,7,8,0.4
31,1001,71,32,6,8,0.1
30,1000,75,38,5,9,0.1
31,1002,72,36,4,9,0.3
35,1003,57,37,6,8,0.5
37,1002,46,45,7,7,0
38,1000,44,50,7,7,0
37,1000,49,48,7,7,0
34,1001,57,45,6,7,0
32,1002,63,50,6,7,0.2
31,1001,70,40,4,9,1.1
32,1002,69,43,4,11,2
36,1003,57,67,4,11,1.5
37,1002,49,82,2,10,0
38,1001,50,76,2,10,0
37,1000,54,76,2,9,0
34,1001,63,93,2,9,2.5
31,1001,74,91,3,12,5.7
30,1000,77,70,6,14,2.1
30,1002,78,73,7,15,3.2
32,1003,70,81,6,15,2.8
35,1002,62,70,7,14,0.1
36,1000,58,48,8,14,0
34,999,65,9,7,14,0
32,1000,74,18,5,14,0
31,1000,78,6,4,13,0
30,999,79,19,4,13,0.1
31,1000,76,22,4,13,0.1
35,1002,62,43,6,14,0.1
37,1001,50,67,7,14,0
37,999,50,44,8,14,0
36,999,53,29,6,13,0
34,1000,62,21,5,12,0
33,1000,66,0,6,12,0
31,999,70,8,6,12,0
32,1000,69,25,8,12,0.1
36,1001,57,43,9,13,0.1
37,1000,49,69,9,13,0.1
38,998,49,42,9,13,0
36,998,53,34,7,13,0
34,999,60,40,6,13,0
32,999,68,43,6,13,2.4
31,998,74,41,5,12,5.5
32,999,71,42,6,12,2.3
35,1001,61,62,10,13,1.1
37,1000,52,55,12,13,0
37,998,50,30,13,13,0.1
35,998,56,22,10,14,0
33,998,65,73,6,13,0.8
31,998,72,80,9,12,1.8
30,997,77,67,9,13,0.7
30,998,79,82,8,13,1
31,999,76,95,10,13,1.3
34,997,62,84,12,13,0.2
36,995,57,71,12,13,0.6
34,995,65,43,11,13,1.8
31,996,74,30,8,13,1.5
30,996,78,51,7,13,1.1
29,995,80,70,8,12,0.6
30,996,78,57,9,13,2.7
33,998,71,74,11,13,12.53
35,997,64,58,8,14,12.53
36,996,59,64,6,14,1.6
35,996,67,48,4,14,1
32,997,76,46,4,11,1.9
31,997,80,64,3,6,1.3
30,996,81,82,2,14,4.4
31,997,79,76,3,8,12.53
35,998,68,26,6,4,12.53
36,997,59,40,8,5,12.53
37,996,58,75,6,5,1.9
35,996,65,59,5,6,4
32,997,75,32,5,8,6.3
32,997,79,24,3,8,5.2
31,997,80,29,4,4,2.8
31,998,77,30,8,5,4.1
34,1000,65,36,11,5,0.7
36,999,56,49,11,6,0
37,997,55,42,9,5,0.1
35,997,61,52,8,6,0.9
32,998,72,35,8,7,2.6
31,999,76,41,7,7,1.7
31,998,78,29,6,7,0.5
31,1000,76,33,7,6,0
35,1001,62,54,10,6,0
37,1000,51,73,11,6,0
37,998,52,52,11,6,0
35,999,59,51,10,7,0.2
32,1001,68,40,8,7,1.8
31,1001,75,27,8,7,2.8
30,1000,79,26,7,7,0.5
31,1001,75,33,6,7,0.5
36,1002,59,42,7,7,0.8
38,1001,49,41,8,6,0
38,999,49,19,7,6,0
37,998,54,68,6,6,0
34,1000,62,71,7,7,0
32,1000,69,36,7,8,0.1
31,999,72,29,7,10,0.3
32,1000,72,35,7,9,0.4
35,1001,63,59,7,8,0.2
37,1000,52,76,6,9,1.5
37,998,55,51,3,8,2.7
36,998,63,44,4,3,0.5
33,999,69,37,4,6,1.2
31,998,75,34,5,11,3.1
30,997,80,50,4,12,1.7
30,998,82,69,6,13,1.9
31,999,79,70,11,12,3.9
32,999,75,54,11,13,1
33,998,75,68,8,14,0.3
33,998,79,54,4,12,0.3
31,999,81,61,4,8,0.7
29,999,84,65,6,10,3.5
28,998,86,57,6,12,5.6
28,998,89,68,8,13,5.3
30,1000,86,69,12,12,12.53
31,999,82,66,14,12,5.1
31,997,80,62,12,12,0.8
31,998,82,64,10,11,0.1
29,999,85,70,9,11,0
28,998,87,59,10,11,0.3
27,997,89,62,9,11,1
27,998,88,96,9,11,1.7
30,1000,79,77,11,12,2.1
33,999,68,53,10,12,0.8
34,999,66,49,9,13,1.7
32,999,74,47,8,12,5.6
29,1001,80,51,7,12,5.7
29,1001,84,51,5,11,3
28,1000,86,52,4,9,3.8
28,1001,86,71,8,8,3.5
29,1003,80,87,11,13,5.5
32,1003,70,84,9,14,2.9
34,1002,69,67,5,12,2.9
32,1003,80,55,6,5,0.7
30,1004,88,37,7,7,0.6
29,1004,88,57,6,6,1.4
27,1003,88,64,6,6,1
27,1004,89,53,6,5,2
30,1006,80,74,4,5,4.2
35,1004,62,64,2,9,1.1
36,1002,57,72,3,13,1.1
34,1002,66,60,5,12,1
31,1003,77,32,5,13,3.2
30,1002,80,52,4,12,3.4
29,1001,84,55,6,13,1.8
30,1002,82,51,7,12,0.1
33,1003,68,57,8,13,0.7
34,1001,63,64,10,13,2.4
35,999,63,45,10,14,3.5
33,999,70,20,8,14,3.6
31,1000,77,21,6,13,1.2
30,999,79,26,6,13,1.3
30,998,79,40,5,12,1.4
30,999,74,44,6,12,0.3
34,1001,61,47,9,13,0.5
36,999,54,63,10,14,1
36,997,58,23,10,14,1.6
35,997,65,8,6,14,0.1
32,998,70,28,3,13,0.4
31,998,75,44,4,11,2.3
30,997,81,60,5,12,3.6
31,998,78,52,4,13,0.8
35,1000,64,34,3,12,1.5
36,998,58,50,5,4,3.5
36,996,56,84,4,4,1.2
35,996,66,59,5,4,1.2
32,997,78,28,7,6,2.4
30,997,82,13,6,5,0.1
29,997,84,7,7,5,0
30,998,80,25,9,6,0.2
33,1000,68,39,12,6,0.3
36,999,59,52,12,6,0
35,998,59,35,11,6,0
33,999,68,9,11,5,0
30,1000,73,26,11,5,0
30,1001,76,31,9,6,0
29,1001,81,36,9,5,0
30,1002,79,36,11,5,0
33,1004,64,57,15,6,0
36,1002,54,63,14,5,0.1
36,1000,54,64,13,5,0.1
33,1000,62,46,10,6,0
31,1002,70,0,9,6,0
30,1002,76,5,8,6,0
29,1002,80,10,7,6,0.1
30,1003,77,0,9,6,0
33,1003,63,26,11,6,0
36,1002,53,72,12,6,0
36,1000,54,57,10,6,0
34,999,60,41,9,6,0
32,1001,67,27,8,6,0
30,1001,72,32,8,7,0
30,1000,77,32,6,7,0
30,1002,75,28,7,6,0.9
34,1003,61,63,9,7,1.6
36,1001,52,86,8,6,0
37,999,52,53,6,6,0
36,999,55,18,5,6,0
32,1000,62,10,5,6,0
31,1000,67,31,5,6,0
30,1000,70,36,4,7,0
31,1001,68,47,5,9,0
36,1002,56,62,5,8,0
38,1001,47,42,4,6,0
38,1000,46,40,4,6,0
37,999,51,45,2,6,0
34,1001,56,47,4,5,0
33,1001,61,50,4,6,0
32,1001,65,50,3,8,0
33,1002,65,43,2,8,0
36,1003,56,36,3,5,1.5
37,1002,47,40,5,4,3
38,1000,45,52,4,3,0
36,999,52,70,3,3,0
34,1000,58,88,3,5,0
32,1001,64,94,3,5,0.1
31,1000,70,77,2,3,0.1
32,1001,69,52,4,3,0.9
35,1002,60,37,5,3,3.7
36,1001,52,46,5,3,3.9
37,999,53,55,5,4,0
36,998,58,51,4,5,0
33,999,62,43,4,6,0
32,999,67,27,5,7,0
31,999,70,29,4,7,0
32,1000,68,21,4,7,0.1
35,1001,54,12,7,5,0
37,999,47,24,8,6,0
36,997,49,0,7,6,0
35,997,55,0,6,6,0
33,999,61,13,5,6,0
32,999,66,35,5,6,0
31,998,70,27,4,7,0
32,998,68,26,5,7,0.1
35,999,57,35,7,7,0.3
37,998,50,56,8,6,0.1
37,996,50,47,7,6,0
35,996,57,80,7,6,0
33,998,62,75,7,6,0
32,998,67,61,7,6,0
31,997,71,38,7,6,0.3
30,998,71,24,7,6,2.3
31,1000,67,29,10,6,6.2
32,999,73,57,15,5,6.9
33,998,74,70,13,5,2.2
32,998,78,66,11,4,0.1
30,1000,83,60,10,5,0
29,1000,84,48,10,5,0
27,999,85,45,11,5,0
29,1000,81,38,14,5,0
33,1001,64,20,17,5,0
35,1000,54,56,18,5,0
36,997,54,51,17,5,0.1
34,998,63,48,14,6,0.1
30,1000,72,31,14,6,0.1
29,1001,77,34,13,6,0
28,1000,80,43,12,6,0
29,1002,78,44,13,6,0
33,1003,66,39,16,6,0.9
36,1001,56,52,15,6,3
36,999,56,37,13,6,2.6
34,999,63,10,10,6,0
31,1001,71,19,8,6,0
30,1001,76,7,7,7,0.3
29,1001,78,13,6,8,0.5
30,1002,73,0,6,8,0
35,1003,57,0,6,8,0
37,1002,48,9,6,7,0
38,1001,50,17,5,7,0
37,1001,55,9,5,7,0
34,1003,60,30,5,7,0
32,1003,66,24,5,7,0
30,1003,73,0,5,8,0
31,1003,71,7,5,11,1.6
36,1004,59,29,4,9,3.7
38,1002,49,42,2,6,1.1
37,1001,51,53,1,14,0
35,1001,57,76,2,11,0
34,1003,63,48,2,6,1.7
32,1003,73,29,3,11,6.6
30,1002,76,45,6,14,12.53
30,1003,76,63,6,14,3.5
32,1004,67,66,6,14,4
33,1003,60,69,9,14,4
32,1001,66,50,11,14,4.2
31,1001,76,40,7,14,3.2
30,1002,80,33,4,13,0.1
29,1001,81,33,5,13,0
29,1001,83,27,5,13,0.3
30,1002,77,26,5,13,0.7
33,1003,60,45,8,13,1.1
35,1002,53,50,11,13,1.2
34,1000,59,56,10,13,3.9
31,1000,72,52,8,13,12.53
30,1001,78,44,6,13,0.9
29,1001,81,62,6,13,3.3
29,1000,82,60,7,13,6.6
29,1002,77,46,8,13,5.7
32,1003,63,36,13,13,1.2
35,1003,54,39,13,13,1
35,1001,54,33,12,13,0.1
33,1001,63,33,8,13,0.1
31,1002,70,20,6,13,0
30,1003,73,0,6,12,0
29,1002,76,6,6,12,0
30,1003,71,12,8,12,0
33,1005,56,16,10,13,0
35,1003,50,41,11,13,0
35,1001,52,18,10,13,0
33,1001,60,10,7,13,0
31,1002,66,30,6,13,0
30,1003,70,21,6,12,0
30,1002,73,0,5,12,0
31,1003,70,0,6,12,0
34,1005,55,0,7,12,0
36,1004,45,15,6,13,0
35,1002,48,45,7,13,0
34,1002,56,29,6,13,0
32,1003,60,15,4,12,0
31,1003,63,49,4,11,0
30,1002,67,47,4,12,0
31,1003,66,30,4,12,0
34,1005,54,55,4,14,0
36,1004,45,86,4,15,0
36,1002,48,68,3,14,0
34,1002,54,54,3,14,0
33,1003,58,72,3,15,0
32,1003,63,53,2,14,0
31,1003,66,34,1,10,0
31,1004,64,42,3,12,0
34,1005,54,54,5,12,0
36,1004,45,95,6,13,0
36,1003,48,75,5,14,0
34,1002,54,49,4,14,0
33,1003,58,52,2,14,0
32,1003,62,59,2,13,0
31,1003,66,35,3,12,0
31,1004,65,23,3,11,0
34,1006,56,22,5,12,0
35,1005,50,60,6,14,0
36,1002,52,41,6,14,0
34,1002,58,20,5,13,0
33,1003,63,0,4,12,0
31,1003,67,19,4,12,0
30,1002,71,52,6,12,0
31,1004,67,43,6,13,0
34,1005,53,48,8,14,0
36,1003,45,55,9,14,0
36,1001,47,45,8,14,0
34,1001,55,48,6,13,0
33,1003,59,51,5,12,0
32,1003,63,41,4,12,0
31,1002,69,37,4,12,0
31,1004,68,41,4,11,0
34,1005,55,36,4,12,0
36,1004,46,55,5,14,0
36,1003,48,73,5,14,0
34,1003,53,45,4,13,0
33,1004,57,43,4,13,0
32,1004,61,30,4,14,0
31,1004,65,0,3,15,0
31,1005,65,0,1,14,0
35,1007,54,13,3,13,0
37,1005,42,37,6,14,0
37,1003,42,31,6,13,0
35,1004,50,27,6,13,0
33,1005,55,28,5,14,0
31,1005,61,29,4,12,0
30,1004,69,28,4,4,0
31,1006,68,38,3,6,0
34,1007,55,46,4,4,0
36,1006,46,53,4,2,0
36,1004,48,67,2,2,0
35,1004,53,47,2,2,0
33,1006,55,49,2,3,0
32,1006,61,51,3,4,0
31,1005,68,28,2,7,0
31,1006,67,29,3,6,0
34,1007,57,78,4,7,0
36,1006,47,75,3,12,0
36,1004,50,100,1,5,0
34,1004,56,79,2,6,0
33,1005,58,37,3,6,0
32,1005,63,41,4,7,0
31,1004,67,45,2,10,0
31,1005,66,35,2,9,0.9
34,1007,54,31,4,4,2.8
36,1005,47,37,4,2,1.9
35,1003,50,49,4,7,0
34,1002,56,73,3,12,0
32,1003,58,54,3,2,0
31,1004,61,40,3,2,0
31,1003,65,48,3,4,0
31,1004,66,49,4,5,0
34,1005,56,36,5,5,0
35,1004,49,54,5,3,0
35,1001,54,45,3,7,0
34,1001,58,21,2,16,0
33,1002,61,10,2,14,0
32,1003,63,30,2,11,0
31,1002,66,22,3,3,0
32,1003,66,0,4,4,0
34,1004,58,27,6,5,0
35,1002,53,70,6,4,0
36,1000,53,41,4,5,0
35,1000,58,17,2,5,0
33,1002,60,0,2,4,0
32,1002,63,10,2,4,0
31,1001,67,20,2,5,0
32,1002,66,0,2,5,0
35,1003,54,0,4,4,0
37,1001,45,18,4,5,0
37,1000,46,51,3,6,0
35,1000,54,44,4,6,0
33,1001,58,39,5,8,0
32,1001,62,40,3,10,0
32,1001,65,54,2,9,0
31,1002,69,29,7,5,0.5
32,1004,66,28,14,5,1.5
34,1003,59,48,14,5,1
33,1001,61,58,11,5,0.4
31,1001,73,19,9,5,0.7
29,1003,79,13,8,5,0
28,1002,82,53,8,4,1.6
27,1001,84,84,10,5,4.8
28,1002,80,72,10,5,3.4
33,1002,62,55,8,4,0
35,1001,51,65,11,5,0
34,999,57,24,12,5,0
31,1000,72,0,9,6,0
29,1001,79,10,9,6,0
28,1001,82,45,9,5,0
28,1000,84,72,9,5,0
28,1001,82,54,12,5,0
31,1002,70,40,17,5,1.1
32,1001,65,48,20,5,4.3
31,1000,71,60,19,5,12.53
29,1000,80,72,15,5,12.53
28,1002,82,92,15,5,3.9
28,1001,84,100,12,6,2.6
27,1001,86,82,8,6,0
28,1002,82,52,8,6,0.6
30,1004,71,54,10,6,3.3
33,1003,62,42,10,6,4.5
33,1002,63,40,10,5,2
30,1002,75,23,9,5,1.8
29,1003,81,29,8,6,0
28,1003,85,36,7,6,0.7
28,1002,86,46,6,6,3.2
29,1004,79,39,6,7,5.4
32,1005,64,34,5,8,6.4
35,1004,53,39,3,7,5.5
35,1002,53,41,2,6,0
33,1002,63,47,3,7,0
31,1004,68,27,4,8,0
30,1004,74,0,4,10,0
29,1004,78,0,4,11,0
29,1005,77,9,5,12,0
32,1007,65,17,4,11,0
34,1005,58,24,5,12,0.4
34,1003,59,58,6,13,0.9
32,1003,68,23,6,13,0
31,1005,70,0,6,13,0
30,1005,71,0,5,13,0
29,1004,74,0,5,12,0
30,1005,73,0,4,12,0
33,1006,62,22,5,12,0
35,1005,52,59,7,13,0
35,1003,55,48,7,13,0
32,1002,65,37,6,13,0
31,1003,70,0,6,12,0
30,1003,73,0,6,12,0
30,1002,72,0,5,12,0
30,1003,67,0,6,12,0
32,1004,58,0,9,12,0
35,1003,50,0,10,12,0
35,1001,54,0,8,12,0
34,1001,66,0,6,12,0
32,1002,71,0,5,12,0
30,1003,77,0,4,11,0
29,1002,82,0,4,10,0
29,1003,79,11,4,10,0
32,1005,63,44,5,10,0
35,1004,52,57,6,10,0
35,1003,53,38,5,11,0
33,1003,61,24,4,11,0
32,1004,65,9,2,11,0
31,1004,69,34,1,11,0
30,1003,72,42,2,9,0
30,1004,69,28,3,8,0
33,1006,56,39,4,7,0
35,1005,50,53,3,7,0
35,1003,54,45,1,10,0
34,1003,60,36,1,16,0
32,1004,63,31,2,15,0
31,1004,67,36,3,16,0
30,1002,71,54,2,12,0.4
31,1004,70,36,2,6,1.8
34,1005,58,22,4,8,3.1
36,1004,49,32,6,7,2.1
35,1002,53,56,3,7,0
33,1002,59,87,2,7,0
32,1004,60,68,3,7,0
31,1003,65,61,2,7,0
30,1003,73,43,2,7,0.5
30,1003,73,31,3,6,1.7
33,1004,62,27,3,4,2.1
35,1003,52,56,1,3,1.5
33,1002,60,65,3,5,0.4
30,1004,75,61,8,6,2.5
28,1006,83,63,9,5,5.7
27,1006,90,43,9,5,4.3
26,1005,92,59,8,5,0
27,1006,87,54,8,5,0
31,1007,72,46,9,6,0
33,1006,60,57,10,5,0
33,1005,61,66,9,5,0
30,1006,73,29,9,4,0
27,1007,81,9,11,4,0
26,1007,86,35,9,4,0
26,1006,89,51,8,4,0
27,1007,86,51,7,4,0
30,1008,75,47,7,4,0
33,1006,60,64,6,4,0
33,1004,60,86,4,5,0
31,1004,70,54,4,8,0
29,1005,76,41,4,9,0.6
29,1005,80,39,2,9,2.4
28,1004,82,41,2,9,4.2
29,1005,77,24,2,6,3.5
32,1006,64,22,3,4,0
34,1005,55,69,4,2,0
33,1003,59,66,4,3,0
30,1004,71,33,5,5,0
28,1005,81,0,8,6,0
27,1005,85,9,6,5,0
27,1005,89,34,6,5,0
27,1006,86,33,6,5,0
31,1007,70,12,6,5,0
33,1006,59,49,5,4,0.5
33,1004,60,66,4,4,1.4
31,1005,68,47,4,4,1
30,1006,73,37,5,4,0
29,1006,78,25,4,5,0
28,1005,82,0,3,4,0
29,1007,79,0,5,4,0
32,1008,66,11,6,5,0
34,1007,56,47,5,5,0
33,1005,58,66,4,5,0
32,1005,64,44,3,5,0
30,1007,68,32,3,6,0
29,1007,73,29,3,6,0
29,1006,77,16,2,5,0
30,1007,75,6,3,4,0
33,1008,64,26,4,4,0
35,1006,53,69,5,4,0
34,1004,55,44,3,4,0
33,1004,62,17,2,4,0
32,1006,65,11,1,5,0
31,1006,68,22,2,5,0
30,1006,72,0,2,2,0
31,1007,71,0,2,4,0
34,1008,61,23,3,3,0
35,1006,52,61,4,4,0
35,1005,54,30,2,5,0
33,1005,61,16,1,7,0
31,1006,64,66,2,12,0
30,1006,68,76,2,16,0.8
29,1005,75,22,3,12,2.9
30,1006,73,8,3,6,2.8
34,1008,60,25,2,9,0
35,1004,54,50,2,3,0
33,1004,60,37,1,5,0
32,1005,62,45,2,7,0
31,1005,67,53,2,7,0
29,1004,73,46,3,8,0
30,1005,72,16,2,7,0
33,1007,61,16,4,6,0
35,1006,53,53,5,6,0
34,1004,56,57,4,6,0
32,1004,64,28,4,7,0
30,1005,68,10,4,7,0
29,1005,72,32,4,7,0
29,1005,76,27,3,6,0
29,1006,75,0,4,5,0
32,1007,63,25,7,5,0
34,1006,53,67,9,4,0
33,1004,56,35,8,4,0
31,1004,65,0,5,4,0
30,1005,68,0,4,4,0
29,1005,73,0,5,4,0
28,1004,78,0,5,4,0
28,1005,75,12,7,4,0
31,1007,60,36,10,5,0
32,1005,55,23,14,4,0
30,1003,63,0,13,4,0
27,1004,73,0,7,4,0
26,1005,75,23,6,4,0
26,1004,75,73,6,3,0
26,1004,75,65,9,4,0
25,1005,81,54,10,4,0
27,1007,81,87,10,4,0
30,1006,68,59,9,4,0
31,1004,63,48,8,4,0
29,1004,72,36,4,5,0
28,1005,77,39,2,4,0
28,1005,78,30,3,3,0
27,1005,79,23,3,4,0
28,1005,79,19,3,5,0
31,1006,71,16,4,6,1.1
33,1004,59,57,3,4,2.2
33,1002,58,67,2,3,0.3
31,1002,65,49,2,6,0.7
30,1003,69,41,2,11,0
30,1003,70,41,3,12,0
29,1002,70,39,4,13,0
29,1003,72,27,4,13,0
32,1004,66,0,5,12,0
34,1003,53,0,8,13,0
34,1001,48,0,9,13,0
31,1001,54,0,6,13,0
28,1003,57,14,5,13,0
27,1003,59,38,5,13,0
26,1003,59,19,4,13,0
27,1004,58,15,5,12,0
31,1005,52,38,6,12,0
34,1004,44,18,8,13,0
34,1002,47,0,8,13,0
32,1002,57,0,6,13,0
31,1003,57,0,5,13,0
29,1003,54,0,4,12,0
27,1004,55,0,4,12,0
28,1005,57,0,4,12,0
32,1006,51,0,5,12,0
35,1005,41,0,7,13,0
34,1003,46,0,8,12,0
32,1003,61,0,6,11,0
30,1004,67,0,5,11,0
28,1005,69,0,5,11,0
27,1005,69,0,4,11,0
28,1006,65,0,3,11,0
33,1007,55,0,3,11,0
36,1005,42,0,4,13,0
36,1003,42,0,6,13,0
32,1004,54,0,6,12,0
31,1005,61,0,4,12,0
30,1006,63,0,2,12,0
29,1006,66,0,3,11,0
28,1007,65,0,3,10,0
32,1008,54,0,2,7,0
35,1006,43,0,2,5,0
34,1004,39,0,2,7,0
31,1004,48,0,1,15,0
29,1005,56,9,1,14,0
27,1005,61,30,1,9,0
26,1005,64,40,3,2,0
27,1007,63,49,3,2,0
30,1008,55,56,4,2,0
33,1007,50,43,6,3,0
32,1005,54,34,5,3,0
30,1005,61,17,4,3,0
29,1007,65,16,4,4,0
28,1006,65,41,4,4,0
27,1006,65,31,6,3,0
27,1007,69,20,7,4,0
31,1008,66,11,9,5,0
34,1006,55,43,10,5,0.4
33,1005,58,52,9,5,1.2
31,1005,67,23,7,5,0.8
29,1006,76,7,7,5,1.4
27,1006,86,22,7,4,2.7
26,1005,87,29,8,4,0
27,1006,83,28,10,4,0.9
30,1007,72,23,12,5,2.6
31,1006,64,29,14,5,1.7
30,1005,70,35,13,5,0
27,1005,79,48,11,4,0
26,1006,82,70,11,4,0
26,1005,83,99,12,4,0
25,1004,82,82,12,4,0
25,1005,83,63,10,4,0
27,1007,77,85,7,4,0
30,1006,65,70,8,6,0
30,1004,67,32,7,7,0.4
27,1004,80,22,7,7,0.7
25,1006,85,0,9,7,0
24,1006,87,0,6,8,0
24,1005,88,0,5,8,0
27,1006,83,0,6,9,0
31,1006,65,0,7,12,0
34,1006,46,0,9,12,0
33,1004,42,0,10,13,0
30,1004,53,0,7,12,0
29,1006,57,0,5,12,0
27,1006,57,0,5,11,0
26,1006,59,0,5,11,0
26,1007,57,0,5,11,0
30,1008,47,0,5,12,0
33,1008,37,0,6,13,0
33,1006,42,0,6,12,0
30,1007,57,0,5,12,0
28,1008,65,0,4,11,0
27,1009,70,0,3,11,0
26,1009,75,0,2,12,0
26,1010,73,0,3,11,0
30,1011,59,0,4,11,0
33,1010,46,0,6,12,0
33,1009,45,0,7,12,0
30,1010,56,0,5,12,0
28,1011,58,0,4,12,0
27,1011,59,0,3,13,0
27,1011,63,0,2,13,0
27,1013,62,0,2,11,0
32,1015,51,0,2,10,0
35,1014,38,0,3,12,0
33,1012,33,0,4,13,0
30,1012,42,0,4,12,0
28,1014,48,0,3,10,0
27,1013,53,0,2,6,0
25,1013,58,0,1,6,0
27,1014,59,0,2,5,0
32,1016,50,0,2,6,0
34,1014,36,0,2,10,0
33,1013,32,0,4,13,0
29,1013,41,0,5,13,0
28,1013,47,0,4,13,0
26,1013,52,0,4,15,0
26,1013,56,0,2,11,0
27,1014,57,0,1,5,0
31,1015,49,0,3,11,0
33,1013,36,0,5,14,0
31,1011,35,0,6,14,0
28,1011,45,0,4,13,0
26,1012,49,0,2,9,0
26,1012,52,0,1,5,0
25,1012,56,0,2,11,0
27,1013,57,0,3,9,0
31,1014,49,0,3,8,0
34,1013,38,0,2,8,0
32,1011,35,0,2,11,0
28,1012,44,0,4,12,0
26,1013,53,0,5,10,0
25,1013,59,0,5,4,0
24,1013,68,0,5,6,0
25,1014,68,0,4,7,0.1
29,1016,57,0,4,5,0.3
31,1015,45,16,4,4,0.2
30,1013,44,31,4,4,0
28,1014,50,0,3,4,0
26,1015,59,5,3,8,0.6
24,1015,68,9,4,11,1.1
23,1015,70,0,6,3,0
23,1015,67,10,5,3,0
27,1015,56,30,3,3,0
29,1014,47,38,4,7,0.1
29,1012,46,36,2,15,0
27,1013,51,9,1,8,0
25,1014,57,29,3,5,0
24,1014,65,21,6,5,0
22,1014,76,0,8,5,0
22,1015,78,0,7,5,0
26,1015,63,0,7,6,0
29,1014,50,8,5,6,0
29,1012,48,17,4,5,0
27,1013,56,0,3,5,0
26,1014,62,0,5,5,0
24,1015,68,0,5,6,0
23,1015,74,0,4,6,0
23,1015,72,0,4,5,0
27,1016,57,14,4,4,0
29,1015,46,41,4,4,0
30,1013,45,40,2,7,0
27,1013,52,40,3,16,0
26,1014,58,39,3,16,0
25,1013,62,21,2,12,0
24,1013,66,0,2,4,0
25,1014,65,1,3,4,0
28,1015,54,4,3,2,0
31,1013,43,9,2,6,0
30,1011,42,12,2,13,0
28,1011,49,11,4,13,0
26,1012,55,7,4,14,0
26,1012,59,4,3,15,0
25,1012,63,4,2,12,0
26,1013,62,2,2,3,0
30,1014,53,0,3,5,0
32,1013,42,4,4,4,0
31,1011,41,9,4,4,0
29,1011,48,4,2,4,0
27,1013,54,0,3,5,0
26,1013,59,1,3,5,0
27,1013,64,0,4,5,0
26,1014,63,1,4,5,0
29,1016,49,3,5,4,0
32,1014,41,5,6,4,0
31,1012,42,8,6,4,0
30,1013,50,2,4,5,0
30,1014,55,0,3,6,0
28,1014,59,0,3,5,0
26,1014,63,1,3,4,0
26,1015,62,2,3,3,0
31,1015,50,0,3,2,0
33,1014,39,1,3,2,0
34,1013,37,1,2,6,0
32,1013,44,0,2,14,0
30,1014,50,0,3,14,0
29,1013,54,0,3,14,0
27,1013,58,0,3,15,0
27,1014,58,0,3,15,0
30,1015,48,0,5,14,0
32,1014,39,0,6,14,0
33,1012,39,0,6,13,0
30,1012,48,0,5,12,0
29,1013,53,0,5,12,0
28,1013,56,0,4,13,0
27,1012,59,0,3,14,0
27,1014,59,1,3,13,0
30,1015,49,2,4,13,0
32,1014,39,7,4,14,0
31,1012,38,16,4,13,0
28,1012,46,11,4,13,0
26,1013,51,9,4,13,0
25,1013,54,8,4,14,0
24,1012,57,7,3,14,0
25,1014,56,5,3,13,0
29,1015,46,3,4,13,0
32,1014,35,5,3,14,0
31,1011,34,8,3,14,0
28,1011,41,5,4,13,0
27,1012,45,4,4,12,0
25,1012,48,5,4,13,0
24,1011,51,5,3,13,0
24,1013,52,5,3,13,0
28,1014,45,6,4,12,0
31,1013,34,7,3,13,0
31,1011,32,11,2,12,0
27,1011,39,11,4,12,0
26,1012,43,12,4,13,0
24,1012,47,13,2,13,0
23,1012,50,14,1,14,0
24,1012,52,11,2,13,0
28,1014,44,4,3,12,0
32,1013,33,5,2,11,0
31,1011,31,8,2,8,0
28,1012,38,8,3,12,0
26,1013,43,8,4,13,0
24,1013,47,9,3,15,0
24,1013,50,7,3,16,0
25,1014,51,3,2,16,0
30,1015,45,0,1,16,0
33,1013,34,3,1,15,0
31,1011,32,8,2,14,0
28,1011,39,5,3,13,0
27,1012,43,2,4,13,0
26,1012,48,0,5,13,0
25,1011,51,0,5,13,0
25,1012,51,0,4,13,0
28,1013,45,0,5,14,0
31,1012,37,1,5,14,0
31,1009,37,3,5,13,0
28,1010,45,2,6,13,0
27,1011,50,0,5,12,0
26,1011,55,0,5,12,0
25,1010,60,0,4,13,0
25,1011,57,0,4,12,0
28,1013,44,0,4,13,0
32,1011,33,0,5,14,0
32,1009,31,0,4,14,0
30,1009,38,0,4,13,0
28,1010,41,0,3,13,0
27,1010,43,0,2,14,0
26,1010,45,0,2,11,0
26,1011,46,0,1,3,0
30,1013,42,0,2,5,0
33,1011,34,0,3,5,0
33,1009,34,0,3,6,0
31,1010,42,0,3,8,0
29,1011,47,0,3,7,0
28,1010,51,0,3,3,0
27,1010,54,1,3,4,0
24,1011,57,11,3,5,0
23,1013,63,24,3,6,0
24,1012,64,16,3,7,0
25,1011,65,6,3,8,0
24,1011,66,3,2,7,0
21,1012,67,1,2,7,0
20,1012,71,1,3,8,0
24,1011,73,4,1,9,0
24,1012,73,12,2,10,0
23,1013,70,28,4,5,0
25,1013,66,27,3,5,0
25,1012,65,34,4,4,0
24,1012,71,42,3,5,0
23,1013,74,37,2,5,0
22,1012,74,25,3,4,0
21,1012,72,19,3,5,0
22,1012,70,18,3,5,0
26,1013,63,12,5,5,0
30,1012,49,12,4,6,0
30,1009,47,10,3,8,0
27,1010,58,11,4,10,0
26,1011,66,9,3,11,0
26,1011,70,6,2,14,0
25,1011,70,5,2,12,0
25,1012,64,5,2,4,0
27,1013,45,6,4,5,0
31,1012,37,5,3,8,0
32,1010,38,4,3,15,0
29,1010,45,2,3,14,0
26,1011,49,0,3,14,0
25,1011,54,0,3,15,0
27,1011,58,0,3,14,0
27,1012,58,0,4,13,0
29,1013,48,1,6,12,0
31,1012,39,3,8,13,0
31,1010,39,3,8,14,0
29,1011,45,4,6,13,0
27,1012,45,4,6,13,0
25,1011,45,4,7,13,0
23,1011,46,5,7,13,0
23,1012,49,6,7,13,0
27,1014,46,6,9,13,0
30,1013,34,6,11,13,0
30,1011,35,5,11,14,0
27,1010,40,2,9,14,0
25,1012,42,0,10,13,0
23,1012,42,0,10,13,0
21,1012,43,0,9,13,0
21,1013,40,0,10,13,0
24,1014,30,0,11,14,0
27,1013,21,0,11,13,0
27,1011,23,0,10,13,0
24,1011,29,0,7,13,0
22,1013,31,0,8,13,0
20,1012,33,0,8,13,0
18,1012,36,0,7,13,0
18,1013,37,0,7,13,0
22,1014,32,0,8,13,0
26,1013,23,0,8,14,0
27,1010,24,0,8,13,0
24,1011,30,0,6,13,0
22,1012,33,0,6,13,0
20,1011,37,0,6,12,0
19,1012,42,0,7,12,0
19,1013,44,0,6,13,0
22,1014,37,0,6,12,0
26,1013,27,0,7,12,0
27,1011,27,0,7,12,0
24,1011,33,0,6,12,0
22,1013,36,0,5,13,0
21,1013,37,0,4,13,0
20,1013,39,0,5,12,0
19,1014,40,0,5,12,0
23,1015,35,0,6,13,0
27,1014,26,0,7,13,0
27,1013,26,0,7,13,0
24,1013,33,0,6,13,0
23,1014,35,0,5,13,0
21,1014,37,0,5,13,0
20,1014,39,0,4,12,0
20,1015,41,0,5,11,0
23,1017,36,0,5,12,0
28,1016,28,0,4,12,0
29,1014,28,0,4,12,0
26,1014,35,0,4,12,0
24,1015,38,0,4,13,0
23,1015,40,0,3,13,0
22,1015,42,0,4,12,0
21,1016,42,0,4,12,0
25,1017,37,0,5,13,0
29,1016,30,0,5,13,0
29,1014,29,0,6,13,0
26,1014,35,0,6,12,0
24,1014,36,0,6,12,0
22,1014,37,0,6,12,0
20,1014,39,0,5,12,0
20,1014,39,0,6,12,0
23,1015,33,0,7,12,0
28,1013,25,0,8,13,0
28,1011,27,0,8,13,0
25,1011,34,0,6,13,0
23,1012,36,0,6,13,0
22,1012,37,0,5,13,0
20,1012,39,0,5,12,0
20,1013,39,0,6,11,0
23,1015,33,0,6,13,0
27,1014,24,0,7,13,0
28,1013,24,0,7,13,0
25,1013,31,0,5,13,0
24,1014,34,0,3,13,0
23,1014,36,0,3,12,0
21,1014,39,0,3,10,0
21,1016,41,0,4,10,0
24,1018,35,0,3,10,0
29,1016,26,0,2,11,0
29,1015,25,0,3,14,0
27,1014,31,0,3,15,0
25,1015,34,0,2,15,0
23,1015,37,0,2,13,0
22,1014,40,0,3,11,0
21,1015,41,0,3,11,0
25,1017,35,0,3,12,0
28,1015,27,0,4,12,0
29,1013,27,0,4,13,0
26,1013,34,0,4,13,0
25,1014,38,0,4,13,0
23,1014,42,0,3,13,0
22,1014,47,0,3,12,0
21,1015,48,0,4,11,0
24,1016,41,0,4,12,0
28,1015,32,0,4,13,0
29,1013,32,0,3,13,0
27,1013,40,0,3,13,0
25,1014,45,0,3,13,0
24,1014,49,0,2,13,0
22,1015,53,0,3,12,0
22,1016,54,0,3,12,0
25,1018,43,0,4,14,0
29,1016,32,0,3,15,0
30,1015,31,0,3,14,0
27,1015,38,0,3,13,0
25,1015,43,0,4,12,0
23,1015,48,1,4,12,0
20,1015,53,5,4,12,0
19,1016,53,8,5,13,0
23,1017,43,7,6,14,0
26,1015,30,15,6,14,0
26,1013,29,14,6,13,0
23,1014,35,8,5,13,0
22,1015,38,2,4,13,0
20,1014,40,0,4,13,0
21,1014,43,0,4,12,0
21,1015,43,0,4,11,0
24,1015,35,0,4,11,0
27,1014,27,0,5,13,0
28,1012,27,0,4,13,0
26,1013,34,0,3,13,0
24,1014,36,0,2,14,0
23,1013,38,0,1,13,0
22,1013,41,0,2,11,0
21,1014,42,0,3,10,0
24,1015,34,0,4,12,0
27,1013,26,0,5,13,0
28,1011,26,0,4,13,0
26,1012,33,0,3,14,0
24,1012,36,0,2,14,0
22,1012,38,1,3,13,0
19,1012,41,4,3,11,0
19,1012,42,14,4,10,0
21,1014,39,34,5,12,0
25,1012,31,37,5,13,0
26,1010,32,18,4,13,0
25,1011,41,4,3,12,0
24,1012,46,5,3,11,0
22,1012,51,5,2,12,0
21,1011,53,6,3,12,0
21,1012,49,8,4,12,0
24,1014,37,10,4,14,0
28,1012,30,10,4,14,0
28,1011,30,8,6,13,0
25,1012,36,6,5,12,0
24,1013,39,6,4,12,0
23,1013,42,6,4,13,0
23,1013,45,3,4,13,0
23,1014,48,1,4,13,0
24,1015,43,4,5,14,0
28,1014,35,4,7,14,0
29,1012,37,2,6,14,0
28,1012,46,0,4,14,0
27,1013,50,0,4,15,0
25,1013,53,0,4,16,0
24,1013,56,0,3,16,0
24,1014,57,0,4,12,0
27,1014,48,0,4,4,0
31,1013,38,0,4,3,0
32,1011,37,0,4,2,0
29,1011,44,1,4,1,0
28,1012,49,1,4,1,0
26,1012,53,0,4,1,0
24,1012,58,0,5,2,0
23,1013,60,7,4,2,0
24,1015,54,24,4,4,0
27,1014,48,26,3,8,0
26,1012,51,27,5,10,0
23,1012,58,35,7,11,0
22,1013,61,58,6,12,0
23,1013,58,66,6,12,0
23,1013,57,33,5,13,0
23,1014,56,37,5,14,0
25,1015,48,37,6,14,0
28,1014,41,30,6,14,0
29,1012,43,10,6,13,0
27,1012,50,2,6,13,0
27,1013,52,0,6,13,0
25,1013,50,0,5,14,0
24,1013,48,0,4,14,0
24,1014,46,0,3,12,0
26,1015,40,0,5,11,0
30,1014,34,0,7,12,0
30,1012,34,0,7,13,0
27,1012,41,0,7,14,0
25,1013,42,0,6,14,0
24,1013,41,0,6,13,0
22,1013,43,0,7,13,0
22,1014,47,1,7,13,0
24,1015,44,4,8,14,0
29,1015,34,3,10,14,0
29,1013,35,4,9,14,0
26,1013,42,4,7,13,0
24,1014,45,4,7,13,0
23,1014,47,3,7,14,0
22,1014,50,1,8,13,0
21,1015,50,1,8,13,0
24,1017,43,2,11,13,0
28,1016,32,1,15,14,0
27,1014,35,0,14,13,0
25,1015,44,0,9,13,0
23,1016,48,0,9,13,0
21,1015,49,0,9,13,0
20,1015,47,0,10,13,0
19,1016,43,0,10,13,0
22,1017,32,0,13,14,0
27,1016,22,0,14,14,0
27,1015,25,0,11,14,0
26,1015,33,0,7,14,0
24,1016,39,0,7,13,0
23,1016,45,0,6,14,0
20,1016,44,0,7,13,0
20,1017,41,0,8,13,0
22,1018,30,0,11,14,0
26,1017,21,0,13,14,0
26,1016,22,0,12,14,0
24,1016,28,0,7,14,0
22,1018,33,0,6,14,0
21,1018,40,0,6,14,0
19,1018,45,0,7,14,0
18,1019,45,0,7,13,0
20,1020,38,0,8,13,0
24,1019,27,0,10,14,0
25,1017,26,0,9,14,0
23,1017,32,0,7,14,0
21,1018,35,0,6,13,0
19,1018,38,0,5,13,0
18,1018,40,0,5,13,0
17,1019,42,4,5,13,0
18,1020,38,11,6,12,0
22,1019,28,15,6,13,0
23,1017,27,25,5,13,0
20,1018,33,33,3,14,0
19,1018,37,15,2,14,0
18,1018,39,10,2,14,0
18,1018,42,5,2,12,0
17,1019,44,8,3,12,0
19,1020,41,16,3,12,0
23,1019,32,19,1,10,0
24,1017,34,16,1,4,0
21,1018,40,13,1,9,0
19,1019,43,21,2,12,0
18,1018,45,26,2,13,0
17,1018,47,33,3,14,0
17,1019,49,25,2,13,0
21,1020,46,24,2,13,0
24,1020,44,49,1,12,0
25,1018,47,29,1,4,0
22,1018,54,22,2,11,0
20,1019,57,15,4,12,0
19,1019,60,3,4,14,0
20,1018,65,4,4,14,0
20,1019,67,4,2,14,0
23,1020,58,6,0,14,0
27,1019,47,6,2,14,0
27,1016,47,4,4,13,0
25,1016,55,3,5,13,0
23,1017,61,3,6,13,0
22,1016,66,3,6,13,0
20,1015,72,4,6,13,0
20,1016,72,5,6,13,0
22,1018,59,6,6,13,0
27,1016,44,2,7,13,0
27,1014,40,2,8,13,0
24,1014,46,3,6,13,0
22,1015,48,3,6,13,0
21,1015,50,2,6,13,0
20,1014,52,2,6,13,0
18,1014,53,2,6,12,0
21,1015,48,3,7,12,0
25,1014,34,4,8,13,0
25,1013,32,4,8,13,0
22,1013,40,4,5,13,0
20,1014,43,6,4,14,0
18,1014,45,11,4,14,0
17,1014,49,15,3,13,0
17,1014,50,15,4,12,0
20,1016,43,5,4,12,0
24,1015,32,4,5,12,0
24,1013,32,5,5,13,0
21,1014,39,7,4,14,0
19,1015,43,5,3,15,0
18,1015,46,0,3,14,0
20,1014,50,0,4,14,0
19,1015,51,0,3,13,0
21,1017,44,0,5,14,0
25,1016,32,0,7,14,0
25,1014,31,0,6,14,0
22,1015,40,0,6,14,0
20,1016,44,0,6,14,0
19,1016,47,0,6,14,0
17,1015,52,0,7,13,0
17,1016,53,0,7,13,0
20,1018,47,0,8,13,0
24,1016,38,0,9,14,0
26,1015,38,0,7,14,0
23,1015,48,0,5,14,0
21,1016,53,0,6,13,0
20,1016,55,0,6,13,0
18,1016,57,0,6,13,0
18,1016,57,0,5,12,0
21,1018,48,0,6,13,0
26,1017,31,0,5,14,0
27,1015,29,0,4,14,0
24,1015,37,0,4,14,0
22,1016,41,0,4,14,0
21,1016,44,0,2,15,0
20,1015,47,0,2,14,0
19,1016,48,0,2,12,0
22,1017,42,0,3,12,0
27,1017,31,0,2,12,0
28,1015,30,0,1,12,0
25,1015,37,0,1,13,0
23,1016,41,0,2,15,0
22,1016,36,0,3,12,0
20,1016,39,0,3,10,0
19,1017,41,0,4,10,0
21,1018,35,0,3,10,0
26,1017,26,0,2,11,0
27,1015,25,0,3,14,0
25,1016,31,0,3,15,0
22,1017,34,0,2,15,0
19,1016,51,4,2,16,0
17,1016,54,8,0,14,0
16,1017,57,9,1,12,0
19,1019,50,6,2,15,0
25,1017,36,4,2,14,0
27,1015,35,1,3,14,0
24,1015,42,0,3,14,0
22,1015,47,0,3,15,0
21,1015,51,0,2,14,0
19,1015,54,0,2,15,0
18,1016,57,0,3,14,0
19,1017,54,0,5,13,0
24,1016,38,0,5,14,0
25,1013,35,0,4,14,0
22,1012,44,0,4,14,0
20,1013,50,1,4,14,0
18,1016,69,12,4,5,0
19,1016,70,1,5,4,0
20,1017,67,0,4,5,0
25,1018,50,1,4,5,0
28,1017,40,2,5,5,0
27,1014,43,1,5,5,0
21,1015,57,4,4,5,0
19,1016,60,2,5,5,0
17,1016,62,2,5,5,0
17,1016,65,6,6,5,0
18,1016,66,8,5,5,0
23,1017,55,8,6,5,0.1
28,1016,41,7,7,5,0
27,1015,43,6,6,5,0
22,1015,56,6,4,5,0.1
20,1016,59,6,4,4,0.1
18,1016,63,8,4,5,0.4
16,1016,74,23,2,5,0.6
17,1017,70,32,2,6,0.1
24,1018,51,4,4,15,0
28,1017,39,4,5,15,0
27,1015,41,3,5,15,0
23,1015,48,0,5,14,0
20,1016,42,0,6,14,0
19,1016,41,1,6,15,0
17,1015,53,1,6,14,0
17,1015,63,3,6,13,0
21,1016,55,7,7,13,0
26,1015,36,2,8,14,0
26,1014,37,0,7,14,0
22,1014,49,0,6,14,0
20,1015,53,0,6,14,0
18,1015,56,1,5,14,0
16,1014,59,2,5,14,0
17,1015,60,0,6,13,0
21,1016,53,0,7,13,0
25,1015,38,0,8,14,0
26,1013,39,0,7,14,0
22,1013,52,0,6,13,0
19,1014,58,0,6,14,0
18,1014,65,0,5,14,0
17,1014,75,0,3,14,0
18,1014,73,0,2,12,0
23,1016,50,0,3,11,0
27,1015,36,1,4,13,0
27,1013,39,0,4,14,0
22,1013,59,0,2,15,0
19,1014,71,0,2,11,0
18,1013,68,0,4,2,0
16,1012,72,1,4,5,0
17,1012,66,2,3,6,0
25,1014,44,0,1,7,0
29,1012,33,0,2,8,0
28,1010,34,1,2,7,0
20,1010,45,5,4,5,0
17,1011,43,32,7,5,0
16,1011,42,64,7,5,0
18,1011,45,37,6,5,0
18,1012,47,24,7,5,0.1
23,1014,39,25,6,4,0
27,1013,32,18,6,4,0
26,1011,37,10,4,3,0
22,1012,46,5,5,2,0
19,1013,42,5,6,1,0
17,1012,41,19,5,5,0
17,1012,44,57,2,13,0
18,1013,42,78,4,14,0
19,1014,52,73,4,13,0
21,1013,54,61,7,14,0
22,1012,60,41,7,15,0
18,1012,68,25,5,14,0
17,1012,64,9,6,14,0
16,1012,67,23,6,14,0
15,1012,71,45,6,13,0
16,1013,71,32,6,12,0
22,1014,60,11,7,13,0
26,1013,41,11,8,14,0
25,1012,43,9,8,14,0
20,1012,55,6,7,14,0
18,1013,56,4,8,14,0
15,1013,54,5,9,14,0
14,1013,48,4,9,14,0
15,1014,44,4,9,14,0
18,1016,42,7,10,14,0
22,1015,31,5,11,14,0
22,1014,32,0,11,13,0
18,1014,41,0,8,14,0
14,1015,42,0,8,14,0
13,1015,43,0,7,14,0
11,1014,44,0,6,13,0
12,1015,45,0,7,13,0
17,1017,40,0,7,13,0
22,1016,28,0,8,13,0
21,1014,29,0,8,13,0
17,1014,40,0,7,14,0
14,1015,44,0,7,14,0
12,1015,48,0,6,14,0
11,1015,49,0,6,14,0
12,1015,45,0,6,13,0
17,1017,38,0,6,13,0
21,1016,29,0,9,14,0
21,1015,34,0,9,14,0
17,1015,46,0,6,15,0
14,1016,49,0,6,15,0
13,1016,48,0,6,15,0
11,1016,49,0,6,14,0
12,1017,49,0,6,13,0
17,1018,42,0,7,13,0
21,1018,29,4,7,14,0
20,1017,32,13,6,13,0
14,1017,44,19,6,13,0
11,1018,48,18,6,14,0
10,1018,51,15,5,14,0
9,1018,53,18,5,13,0
10,1018,55,18,5,13,0
17,1019,49,29,5,13,0
23,1018,34,70,5,13,0
21,1016,35,79,6,13,0
16,1016,48,68,6,13,0
14,1017,52,34,7,13,0
13,1016,55,1,7,13,0
14,1015,58,0,8,13,0
14,1016,57,0,7,13,0
20,1017,46,0,8,13,0
25,1016,32,0,10,13,0
25,1014,36,0,10,13,0
21,1014,50,0,8,13,0
18,1015,53,0,8,13,0
17,1014,55,2,7,13,0
15,1013,56,6,7,13,0
16,1015,55,8,6,13,0
22,1017,43,7,6,13,0
27,1016,31,7,8,14,0
26,1015,36,5,8,14,0
22,1015,50,2,7,14,0
20,1017,56,0,7,14,0
18,1017,60,0,7,15,0
16,1016,64,0,7,14,0
17,1018,63,0,5,13,0
23,1020,50,0,5,13,0
27,1020,36,0,8,14,0
26,1018,37,0,8,14,0
21,1018,50,0,6,14,0
18,1019,55,0,6,14,0
17,1019,56,0,6,14,0
16,1018,54,0,6,13,0
17,1019,51,0,6,14,0
22,1021,43,0,8,14,0
26,1019,33,0,12,14,0
26,1017,40,0,12,14,0
22,1017,57,0,9,14,0
18,1018,64,0,9,14,0
17,1018,64,0,9,13,0
15,1018,61,0,9,13,0
15,1018,57,0,9,13,0
20,1020,46,0,11,13,0
26,1019,31,0,13,14,0
26,1016,33,0,13,13,0
21,1017,48,0,9,13,0
17,1018,53,0,9,13,0
16,1018,56,0,9,13,0
14,1017,55,0,8,13,0
14,1019,53,1,7,13,0
19,1021,45,3,8,13,0
24,1019,31,7,9,14,0
24,1017,34,18,8,14,0
18,1018,47,25,6,13,0
15,1019,52,13,6,14,0
15,1019,55,3,6,13,0
15,1019,56,0,6,13,0
16,1020,54,0,6,13,0
22,1022,43,1,7,13,0
26,1020,29,7,9,14,0
25,1017,33,11,9,14,0
21,1017,47,2,7,13,0
18,1018,52,0,8,13,0
17,1018,54,0,8,13,0
16,1017,58,0,8,13,0
16,1018,56,0,9,13,0
20,1019,44,0,11,13,0
26,1018,39,0,12,13,0
26,1016,44,0,11,13,0
23,1016,60,0,8,13,0
20,1017,66,0,7,13,0
18,1017,70,0,7,13,0
17,1017,73,0,6,14,0
18,1018,70,0,6,14,0
24,1019,56,0,6,13,0
29,1018,40,0,6,13,0
28,1017,41,0,6,14,0
23,1017,62,0,4,15,0
20,1018,76,0,3,16,0
18,1018,77,0,2,13,0
17,1017,78,0,1,7,0
19,1019,70,0,2,11,0
27,1020,48,0,2,10,0
31,1019,35,0,2,4,0
30,1017,43,0,3,6,0
24,1017,71,0,1,6,0
20,1018,74,0,1,8,0
19,1017,75,0,1,16,0
18,1017,76,0,1,12,0
20,1018,70,0,2,5,0
27,1019,51,0,3,7,0
31,1017,35,7,2,7,0
28,1014,37,16,2,5,0
21,1014,59,9,3,4,0
17,1015,66,21,4,3,0
17,1015,53,41,5,4,0
19,1014,50,66,5,8,0
21,1014,49,69,4,9,0
25,1016,44,59,1,10,0
27,1015,39,62,3,11,0
25,1013,48,16,4,5,0.1
20,1014,57,27,4,9,0
18,1016,59,47,6,15,0.1
17,1016,62,38,7,15,0.4
16,1016,74,5,6,14,0.3
15,1017,82,3,9,13,0
19,1018,73,5,11,13,0
24,1016,51,0,12,14,0
24,1014,53,0,11,13,0
21,1014,68,0,7,13,0
18,1015,76,0,7,13,0
17,1015,81,0,7,13,0
15,1015,87,0,7,12,0
16,1017,83,0,7,12,0
21,1018,62,1,8,12,0
25,1017,46,3,9,13,0
24,1015,48,5,8,13,0
21,1015,65,4,6,14,0
19,1016,74,1,5,15,0
18,1015,83,0,4,14,0
17,1014,85,0,4,13,0
17,1015,81,0,5,12,0
22,1017,64,0,6,13,0
26,1015,45,1,8,13,0
26,1013,46,1,7,14,0
22,1013,61,0,6,14,0
19,1014,69,0,6,14,0
17,1013,77,0,5,15,0
16,1013,83,0,4,14,0
17,1014,80,0,4,13,0
22,1016,63,0,5,13,0
27,1015,44,0,6,13,0
28,1013,44,0,6,13,0
23,1013,59,0,5,13,0
19,1015,69,0,5,15,0
18,1014,77,0,4,16,0
17,1014,80,0,2,14,0
17,1015,73,1,2,12,0
22,1017,53,3,3,13,0
26,1016,39,3,4,14,0
27,1015,42,1,5,14,0
22,1016,61,0,4,14,0
19,1017,74,0,4,15,0
18,1017,77,0,4,16,0
17,1017,78,0,4,16,0
18,1018,72,0,3,14,0
25,1020,50,0,4,12,0
28,1019,37,0,6,13,0
28,1016,37,1,8,14,0
22,1016,50,1,6,14,0
19,1017,56,1,6,15,0
17,1017,63,1,6,15,0
16,1016,71,0,5,14,0
17,1017,73,0,5,13,0
23,1018,55,0,5,13,0
28,1017,40,0,4,14,0
28,1015,41,0,4,14,0
23,1016,60,0,4,14,0
19,1017,72,0,4,15,0
18,1016,74,0,5,16,0
17,1016,80,0,4,16,0
18,1016,77,1,2,16,0
25,1017,57,2,2,16,0
29,1016,42,4,2,11,0
27,1014,43,6,1,1,0
22,1014,64,4,0,5,0
20,1015,76,1,1,13,0
19,1015,75,0,3,12,0
18,1014,77,0,4,2,0
19,1014,72,1,3,4,0
26,1015,50,3,2,8,0
32,1014,37,2,2,9,0
31,1012,40,0,1,12,0
25,1011,60,1,2,14,0
21,1011,74,1,2,15,0
20,1011,76,0,2,16,0
18,1010,78,0,1,13,0
20,1011,71,1,2,7,0
27,1013,49,2,3,10,0
32,1012,37,0,4,13,0
31,1010,40,1,6,14,0
24,1010,53,3,6,14,0
21,1011,57,4,7,14,0
19,1011,62,4,8,14,0
17,1011,69,4,9,13,0
17,1012,70,2,10,13,0
22,1013,55,0,13,13,0
27,1013,37,0,14,13,0
27,1011,37,0,12,13,0
23,1012,47,0,8,13,0
19,1013,47,0,9,13,0
17,1013,45,0,9,13,0
15,1013,47,0,9,13,0
16,1014,51,0,8,12,0
22,1016,43,0,9,12,0
28,1015,31,0,10,13,0
27,1013,33,0,9,13,0
23,1012,46,0,7,13,0
19,1013,49,0,7,14,0
18,1012,50,0,7,14,0
16,1012,51,1,7,13,0
17,1013,50,3,7,13,0
22,1014,41,7,7,13,0
28,1013,28,8,8,13,0
28,1011,31,8,9,14,0
23,1011,45,7,7,13,0
20,1012,46,3,8,14,0
18,1012,48,5,8,14,0
16,1011,51,4,7,13,0
17,1013,52,4,8,13,0
22,1015,44,4,10,13,0
28,1014,32,4,11,13,0
27,1012,37,3,9,13,0
24,1012,49,1,7,14,0
20,1014,47,0,8,15,0
17,1014,47,0,6,15,0
15,1014,50,0,4,13,0
17,1016,46,0,5,13,0
24,1017,36,1,4,13,0
27,1016,26,7,4,13,0
26,1014,31,42,5,13,0
19,1015,42,63,5,15,0
18,1016,39,10,7,12,0
16,1017,42,13,6,3,0
14,1017,46,9,4,5,0
17,1018,41,11,5,5,0
24,1019,34,10,3,4,0
30,1018,29,9,2,8,0
29,1015,34,7,4,15,0
23,1015,45,5,5,15,0
20,1017,42,4,6,16,0
19,1017,40,3,6,1,0
17,1017,43,2,4,12,0
20,1019,43,2,2,5,0
27,1020,33,2,2,12,0
31,1019,28,2,6,14,0
29,1017,34,4,8,14,0
24,1018,46,5,6,14,0
20,1019,49,3,6,15,0
18,1018,53,5,6,15,0
16,1018,62,8,4,15,0
18,1019,63,7,4,13,0
26,1021,45,0,5,13,0
30,1020,34,0,8,13,0
29,1018,34,0,8,14,0
26,1018,48,0,5,15,0
22,1019,51,0,6,16,0
18,1019,53,0,5,15,0
15,1019,59,31,5,14,0
16,1020,62,61,3,14,0
26,1021,42,6,2,14,0
29,1020,31,15,4,13,0
28,1018,31,6,5,14,0
23,1018,41,6,5,16,0
21,1019,43,5,5,12,0
18,1018,56,1,3,6,0
17,1017,71,0,2,14,0
18,1018,63,0,4,12,0
25,1019,40,1,5,13,0
29,1017,29,1,4,13,0
29,1015,33,0,4,13,0
24,1015,54,0,3,15,0
21,1016,70,0,3,11,0
18,1016,71,0,3,1,0
17,1015,73,0,2,2,0
18,1016,65,2,1,4,0
25,1017,41,8,2,5,0
29,1016,31,7,4,5,0
30,1014,34,2,3,5,0
27,1015,50,0,3,3,0
24,1016,55,5,5,3,0
21,1016,63,10,4,4,0
19,1016,74,0,2,4,0
21,1016,65,0,2,5,0
29,1017,39,0,2,11,0
34,1016,30,0,0,8,0
34,1014,34,0,1,11,0
29,1014,50,1,3,11,0
27,1015,59,2,4,2,0
23,1015,69,3,3,7,0
17,1014,74,5,2,16,0
20,1014,68,4,2,15,0
30,1015,46,0,4,16,0
33,1013,33,1,4,16,0
32,1011,36,3,5,15,0
27,1010,53,2,5,15,0
23,1010,68,2,3,14,0
21,1009,71,4,3,13,0
20,1008,60,4,6,11,0
21,1008,60,2,7,12,0
28,1009,50,0,8,12,0
32,1008,34,0,10,13,0
32,1005,32,0,10,14,0
29,1005,51,0,5,14,0
26,1005,64,0,4,13,0
22,1005,62,1,4,8,0
20,1005,73,2,3,9,0
21,1006,60,4,4,10,0
29,1007,35,6,5,10,0
34,1006,24,7,6,11,0
34,1004,25,4,7,13,0
30,1005,36,2,5,15,0
27,1006,41,2,5,16,0
25,1006,48,1,4,16,0
22,1006,54,0,4,16,0
22,1008,52,1,6,13,0
27,1010,39,5,9,12,0
32,1009,23,11,11,13,0
31,1008,20,10,11,13,0
26,1009,28,3,8,14,0
23,1010,32,0,9,14,0
21,1010,36,0,9,15,0
19,1010,43,0,8,13,0
19,1011,43,0,9,13,0
24,1012,28,0,13,13,0
29,1012,18,0,15,13,0
30,1010,19,0,13,13,0
26,1011,28,0,8,13,0
22,1012,29,0,9,13,0
19,1013,29,0,9,13,0
16,1012,30,0,9,13,0
17,1013,33,0,10,12,0
23,1015,28,0,13,13,0
28,1014,17,0,15,13,0
29,1012,17,0,12,13,0
26,1013,25,0,8,13,0
22,1014,26,0,8,13,0
19,1013,27,0,9,13,0
16,1012,30,0,9,12,0
17,1014,32,0,9,12,0
23,1016,27,0,9,12,0
30,1014,16,0,9,13,0
30,1011,18,0,9,13,0
26,1011,28,0,4,14,0
23,1011,32,0,3,14,0
21,1011,32,0,5,12,0
18,1010,32,0,6,12,0
19,1011,32,0,6,12,0
26,1013,23,0,6,12,0
31,1011,17,0,9,13,0
31,1009,19,0,11,14,0
29,1009,29,0,6,14,0
26,1011,32,0,5,14,0
22,1011,31,0,6,13,0
18,1011,30,0,6,13,0
20,1013,30,0,6,13,0
27,1015,24,0,5,14,0
32,1014,16,0,6,14,0
32,1012,18,0,7,14,0
28,1012,27,0,5,15,0
26,1013,39,0,3,15,0
22,1013,48,0,4,12,0
19,1012,29,0,6,12,0
20,1014,29,0,6,12,0
27,1015,23,0,6,12,0
32,1014,15,0,7,13,0
32,1011,17,0,8,14,0
28,1011,25,0,5,14,0
24,1011,27,0,4,13,0
21,1011,27,0,5,12,0
19,1010,30,0,4,12,0
22,1012,31,0,2,11,0
31,1013,22,0,3,10,0
35,1012,17,0,7,14,0
35,1009,20,0,9,15,0
31,1009,30,0,5,15,0
27,1010,36,0,4,12,0
23,1009,41,0,4,6,0
22,1009,52,0,2,9,0
24,1010,50,2,2,12,0
31,1011,24,3,4,14,0
36,1009,16,3,7,14,0
37,1006,19,2,7,15,0
32,1006,27,2,5,11,0
29,1007,29,2,6,2,0
26,1006,31,2,4,2,0
25,1006,29,2,4,3,0
26,1007,31,5,3,7,0.1
29,1009,33,10,4,14,0.1
34,1008,21,8,6,14,0
34,1005,21,9,8,15,0
30,1005,28,11,6,10,0
26,1006,30,4,7,6,0
23,1006,31,4,6,1,0
21,1006,31,5,5,14,0
22,1007,37,7,4,8,0.3
29,1009,34,11,7,11,0.5
35,1008,21,16,7,14,0
34,1005,22,24,7,14,0
30,1005,29,16,6,16,0
27,1006,32,8,4,1,0
23,1006,35,6,3,16,0
20,1005,36,5,4,14,0
23,1007,33,4,6,13,0
30,1009,25,5,7,14,0
34,1008,16,2,10,14,0
34,1006,16,2,12,14,0
30,1006,20,0,8,14,0
27,1007,21,0,8,14,0
23,1007,21,0,8,14,0
19,1007,21,0,9,13,0
20,1008,22,0,9,13,0
27,1010,18,0,11,13,0
32,1009,11,0,12,14,0
32,1007,12,0,10,13,0
30,1006,17,0,6,14,0
28,1007,18,0,7,14,0
24,1007,20,0,7,14,0
19,1007,22,0,7,13,0
21,1009,23,0,6,12,0
29,1010,17,0,6,12,0
34,1009,11,1,6,13,0
35,1007,13,2,6,14,0
31,1007,19,4,5,11,0
29,1008,20,13,6,3,0
24,1008,23,26,5,4,0
17,1007,26,36,5,7,0
20,1008,24,35,4,7,0
31,1009,16,11,4,5,0
36,1007,12,3,5,6,0
35,1004,16,3,3,9,0
31,1004,25,2,2,13,0
27,1005,25,2,2,12,0
25,1005,26,4,4,5,0
23,1005,35,4,4,6,0
23,1005,35,8,6,6,0
30,1007,20,11,6,5,0
34,1006,14,7,6,4,0
34,1003,17,8,5,1,0
30,1003,23,9,7,2,0
27,1004,28,5,7,2,0
23,1005,34,5,8,3,0.1
21,1004,39,6,7,4,0.1
23,1005,45,6,7,5,0.5
29,1007,51,10,8,5,0.9
33,1005,35,38,9,5,0.3
31,1003,37,58,11,4,0
28,1003,52,10,14,2,0.6
25,1005,65,11,14,2,1.3
21,1006,67,11,13,3,0.7
18,1006,71,39,11,4,1.4
19,1008,81,88,6,8,2.6
23,1010,78,64,2,15,1.8
27,1009,55,28,4,15,1.7
27,1008,53,34,7,10,1.4
24,1008,67,13,6,1,0.7
20,1009,78,9,6,2,0
18,1009,82,14,5,2,0.1
17,1008,84,8,5,6,0.1
19,1010,76,6,7,14,0
25,1012,49,7,10,14,0.1
28,1011,25,6,15,14,0
28,1010,21,3,13,14,0
25,1010,30,2,7,15,0
22,1011,34,0,7,15,0
19,1011,36,2,7,15,0
17,1011,34,4,7,14,0
19,1012,33,1,8,12,0
24,1014,26,0,11,12,0
28,1013,15,0,12,13,0
30,1012,16,0,9,14,0
29,1012,23,0,5,11,0
27,1013,24,0,5,3,0
24,1013,27,0,4,5,0
19,1012,30,0,4,8,0
21,1013,26,0,5,10,0
29,1016,18,0,4,12,0
32,1014,14,0,7,13,0
32,1012,15,0,8,14,0
30,1012,22,25,6,15,0
25,1013,24,50,6,15,0
21,1013,24,5,6,14,0
18,1013,24,11,7,14,0
19,1013,25,10,7,13,0
26,1014,21,6,8,13,0
31,1013,14,10,10,14,0
31,1011,15,10,9,14,0
28,1010,21,5,5,14,0
24,1011,23,4,4,13,0
21,1010,22,2,6,13,0
20,1010,24,0,6,13,0
22,1011,23,0,6,13,0
29,1012,17,0,7,12,0
34,1011,12,0,10,13,0
34,1008,14,1,9,13,0
32,1007,22,2,5,14,0
30,1008,25,3,5,14,0
26,1007,28,2,3,15,0
23,1006,30,1,3,14,0
24,1008,27,2,4,12,0
30,1010,21,11,7,14,0
33,1008,17,15,11,15,0
33,1005,19,8,9,15,0
31,1005,25,4,6,11,0
27,1006,29,3,6,11,0
23,1006,36,4,4,8,0
20,1007,44,6,1,14,0
23,1009,38,4,3,12,0
31,1010,22,0,9,12,0
34,1009,13,0,15,14,0
34,1007,12,0,14,14,0
32,1007,17,0,7,15,0
30,1008,22,2,5,16,0
25,1008,29,6,3,12,0
20,1008,32,6,3,5,0
22,1010,30,21,3,7,0
28,1013,23,50,3,6,0
32,1012,19,46,4,9,0
32,1010,21,39,6,9,0
29,1010,33,41,6,9,0
27,1010,48,20,5,10,0
23,1010,56,6,3,10,0
20,1010,59,5,6,10,0
22,1011,56,4,4,9,0
30,1012,35,3,3,8,0
34,1010,23,11,5,13,0
33,1008,20,24,9,15,0
31,1008,27,22,6,12,0
28,1009,35,9,5,5,0
25,1009,39,0,5,8,0
24,1009,43,0,4,8,0
24,1011,44,0,3,6,0
31,1013,34,0,5,9,0
35,1012,17,0,7,14,0
36,1010,14,0,8,14,0
34,1009,20,0,4,12,0
30,1010,25,0,5,5,0
26,1010,29,0,6,6,0
24,1009,32,0,5,6,0
25,1009,33,0,4,6,0
33,1011,27,0,3,7,0
38,1010,17,0,3,10,0
38,1008,17,0,6,10,0
35,1008,24,0,7,2,0
33,1009,30,0,7,3,0
30,1009,33,0,7,5,0
24,1008,47,0,8,5,0
24,1009,56,1,9,5,0
31,1010,39,3,7,6,0
37,1008,22,3,3,9,0
38,1006,21,3,5,16,0
35,1006,28,2,6,12,0
31,1008,34,0,7,4,0
29,1007,42,0,7,5,0
27,1006,57,0,7,6,0
28,1008,57,0,6,6,0
36,1009,35,0,3,9,0
40,1008,21,1,5,13,0
39,1005,17,3,9,15,0
37,1005,23,3,6,11,0
33,1006,30,2,6,3,0
30,1006,37,1,6,4,0
28,1005,44,1,4,5,0
30,1007,47,0,4,5,0
37,1008,36,1,5,8,0
39,1007,17,2,12,14,0
40,1004,14,2,11,15,0
40,1005,18,0,5,16,0
38,1007,24,1,5,13,0
33,1007,36,3,6,5,0
26,1007,56,0,8,5,0
27,1009,61,0,8,5,0
35,1010,37,0,6,6,0
40,1009,18,1,4,9,0
40,1006,14,3,7,15,0
39,1006,19,1,6,12,0
37,1007,29,0,6,4,0
32,1008,44,0,9,5,0
26,1007,60,0,8,5,0
28,1008,57,0,8,5,0
36,1010,30,0,5,7,0
41,1008,15,0,2,11,0
42,1006,13,0,4,10,0
39,1006,18,1,6,3,0
36,1008,31,0,9,4,0
32,1008,46,0,11,5,0
28,1007,54,0,9,5,0
29,1008,58,0,9,4,0
34,1009,46,2,7,5,0
39,1007,25,8,4,9,0
40,1005,21,16,3,16,0
37,1005,27,15,6,12,0
33,1006,36,5,8,4,0
30,1005,45,2,8,5,0
29,1005,56,2,7,5,0
30,1006,57,2,7,5,0
36,1008,40,6,4,6,0
40,1006,23,9,3,9,0
40,1003,19,10,6,15,0
38,1003,27,5,7,12,0
34,1005,44,1,9,5,0
31,1004,50,0,8,6,0
30,1004,57,0,7,5,0
31,1005,58,0,6,7,0
37,1006,39,0,7,12,0
41,1004,16,0,16,14,0
42,1002,12,0,16,14,0
40,1002,19,0,8,11,0
38,1004,39,0,7,3,0
32,1005,67,0,12,6,0
26,1005,78,1,12,5,0
27,1008,73,3,11,5,0
34,1009,52,0,8,6,0
41,1008,27,1,6,9,0
41,1005,20,2,10,15,0
40,1005,25,1,8,12,0
38,1006,36,0,8,4,0
34,1005,54,0,10,5,0
29,1005,70,0,8,6,0
31,1006,65,4,5,6,0
38,1006,33,7,3,9,0
42,1004,15,2,9,14,0
43,1001,10,1,11,15,0
42,1001,14,0,6,11,0
38,1002,25,0,7,3,0
33,1002,50,1,10,5,0
27,1002,76,3,9,5,0
27,1003,74,13,8,5,0
35,1004,43,22,5,8,0
41,1003,15,2,12,14,0
42,1000,11,0,14,14,0
41,1000,15,0,7,15,0
37,1001,21,1,7,12,0
32,1002,37,3,9,4,0
27,1002,65,4,9,5,0
30,1003,67,3,6,8,0
40,1005,27,1,6,13,0
42,1003,9,1,14,14,0
43,1001,8,0,13,14,0
41,1001,10,0,7,15,0
37,1002,33,0,9,13,0
33,1003,77,5,12,5,0
27,1003,87,38,11,5,0
27,1005,80,56,12,5,0
34,1007,53,2,11,5,0
40,1006,28,2,7,9,0
41,1003,17,6,9,15,0
39,1003,24,3,11,12,0
36,1004,46,0,15,5,0
32,1005,64,0,14,6,0
25,1005,73,2,13,5,0
25,1007,71,5,13,5,0
30,1009,52,4,14,5,0
37,1007,34,4,10,5,0
40,1004,27,6,7,4,0
38,1004,33,4,9,4,0
34,1005,47,0,12,5,0
30,1005,60,1,13,6,0
27,1004,75,0,11,5,0
27,1006,76,0,12,5,0
32,1007,55,0,13,5,0
39,1006,35,0,9,5,0
41,1003,27,0,8,4,0
38,1003,33,0,9,4,0
36,1005,49,0,11,6,0
33,1005,63,0,11,6,0
30,1005,71,0,8,5,0
30,1005,70,0,9,5,0
36,1006,48,0,7,5,0
41,1005,28,0,5,8,0
42,1002,23,0,5,16,0.1
40,1003,33,2,7,10,1.7
38,1005,45,4,13,3,3.1
35,1004,41,0,5,4,0.1
31,1004,46,0,4,4,0
32,1005,44,0,5,3,0
39,1007,29,0,5,8,0
42,1005,17,0,5,15,0
41,1003,15,0,7,14,0
39,1003,17,0,6,15,0
35,1004,19,0,6,11,0
32,1004,19,0,5,6,0
29,1004,20,0,3,15,0
29,1006,18,0,7,14,0
36,1008,9,0,14,14,0
41,1006,4,0,16,14,0
41,1003,4,0,15,14,0
39,1003,5,0,10,14,0
37,1004,6,0,9,14,0
32,1004,8,0,8,15,0
27,1004,10,0,8,14,0
28,1005,11,0,11,13,0
34,1007,8,0,17,13,0
38,1005,5,0,19,13,0
38,1003,4,0,17,13,0
36,1003,6,0,10,13,0
34,1004,7,0,8,13,0
29,1005,8,0,9,12,0
25,1004,9,0,9,12,0
27,1005,10,0,11,13,0
34,1006,7,0,14,13,0
38,1005,4,0,15,13,0
39,1003,4,0,12,14,0
38,1003,6,0,6,14,0
36,1004,8,0,3,14,0
33,1004,9,0,2,11,0
27,1004,9,0,4,11,0
30,1006,9,0,2,11,0
40,1008,5,0,1,9,0
43,1006,4,0,2,11,0
44,1004,4,0,3,11,0
41,1004,6,0,6,3,0
39,1005,7,0,9,5,0
34,1005,9,0,9,6,0
27,1005,17,0,9,5,0
28,1006,24,0,9,4,0
37,1007,16,0,8,5,0
43,1006,7,0,5,4,0
43,1004,7,0,5,2,0
40,1003,9,0,7,3,0
37,1005,14,0,9,4,0
33,1005,21,0,10,5,0
28,1005,33,0,11,5,0
29,1006,36,0,12,5,0
36,1007,27,0,11,5,0
42,1005,16,0,6,5,0
43,1002,12,0,4,3,0
40,1002,15,0,6,2,0
36,1003,21,0,8,3,0
32,1003,28,0,10,4,0
29,1003,37,0,13,4,0
30,1004,38,0,11,4,0
37,1005,27,0,8,4,0
42,1003,17,0,5,8,0
41,1000,14,0,8,11,0
39,1001,20,0,11,2,0
36,1002,30,0,12,5,0
32,1002,36,0,13,5,0
27,1001,47,0,14,5,0
28,1003,52,0,13,4,0
34,1005,39,0,13,4,0
38,1004,25,0,10,4,0
41,1002,19,0,8,4,0
40,1002,25,0,8,5,0
38,1004,36,0,8,5,0
34,1005,45,0,9,6,0
31,1004,55,0,8,6,0
31,1005,55,0,8,6,0
35,1007,38,0,9,6,0
41,1005,23,0,6,6,0
44,1003,17,0,3,4,0
43,1002,20,0,5,2,0
41,1003,26,0,7,4,0
37,1004,28,0,7,5,0
31,1003,33,0,8,6,0
32,1004,36,0,9,6,0
37,1006,30,0,8,6,0
42,1004,20,0,4,4,0
43,1002,17,0,4,7,0
41,1002,21,0,6,12,0
38,1003,29,0,6,4,0
34,1002,37,0,7,6,0
32,1001,48,0,8,6,0
33,1002,55,0,6,5,0
38,1004,38,0,5,9,0
43,1002,23,0,4,16,0
43,999,18,0,9,10,0
41,999,26,11,12,3,0
37,1000,43,21,18,5,0
33,1000,52,0,14,5,0
30,999,63,11,12,4,0
30,1001,66,21,13,4,0
34,1003,52,0,12,5,0
40,1001,33,0,9,4,0
43,999,24,0,4,2,0
41,998,32,3,10,3,0
37,1000,58,6,17,5,0.1
33,1000,67,0,15,6,0
29,1000,70,11,13,5,0
28,1001,73,21,15,5,0
32,1004,58,0,15,5,0
37,1002,42,0,13,5,0
41,1000,30,0,9,5,0
39,1000,42,0,12,4,0
37,1002,69,10,19,5,0
33,1002,77,37,17,5,0
28,1001,80,59,15,5,0.1
29,1002,78,65,14,5,0
34,1004,60,28,14,5,0
38,1002,43,15,11,4,0.1
38,1000,39,31,9,3,0.2
35,1000,54,4,15,4,0.7
31,1002,74,15,16,5,1.6
28,1002,77,21,13,5,0.6
27,1001,81,31,11,5,0.2
28,1003,75,33,12,5,0.1
35,1005,49,0,9,6,0
40,1003,33,10,5,9,0
41,1000,24,20,6,11,0
40,999,30,0,11,3,0
37,1000,44,0,13,5,0
33,1001,53,0,10,5,0
31,1000,62,0,7,5,0
32,1002,60,0,6,4,0
38,1004,39,0,6,8,0
42,1002,22,0,11,14,0
42,1000,16,0,15,14,0
40,999,19,0,13,14,0
37,1000,24,0,8,14,0
35,1000,30,0,5,10,0
33,1000,34,0,4,5,0
34,1001,30,0,9,12,0
40,1002,18,0,15,14,0
43,1001,12,0,17,14,0
43,998,11,0,15,14,0
40,998,12,0,11,14,0
36,1000,13,0,10,15,0
34,1000,12,0,10,15,0
33,1000,12,0,8,15,0
34,1002,12,0,9,14,0
39,1004,10,0,17,14,0
42,1003,9,0,17,14,0
42,1001,9,0,15,14,0
40,1002,11,0,9,14,0
36,1003,13,0,7,15,0
34,1003,14,0,4,11,0
31,1003,17,0,2,1,0
34,1005,15,0,3,5,0
41,1006,10,0,7,12,0
43,1004,7,0,12,14,0
44,1002,6,0,13,14,0
42,1002,8,0,8,14,0
39,1003,11,0,6,14,0
36,1003,14,0,6,11,0
32,1003,16,0,6,3,0
33,1004,15,0,7,7,0
40,1006,12,0,13,13,0
42,1004,10,0,18,14,0
43,1002,9,0,15,14,0
41,1001,11,0,9,14,0
37,1003,15,0,4,11,0
34,1003,17,0,6,4,0
30,1003,38,0,9,5,0
31,1005,67,0,10,5,0
39,1006,36,0,7,5,0
45,1005,15,0,5,8,0
45,1002,9,0,8,15,0
43,1002,11,0,7,12,0
40,1003,32,0,10,4,0
36,1003,63,0,14,6,0
29,1003,71,0,12,5,0
30,1004,68,0,12,4,0
37,1006,43,0,11,5,0
42,1004,23,0,7,3,0
42,1002,18,0,5,6,0
40,1002,24,2,7,10,0.3
36,1004,36,6,11,2,0.7
33,1005,45,6,7,4,0.3
30,1005,54,4,6,5,0.1
32,1006,54,0,7,5,0.1
37,1008,33,15,7,6,0.1
37,1007,32,35,9,5,1.9
31,1005,49,8,16,3,3.8
34,1003,46,1,5,4,0.1
31,1005,51,2,4,7,0.1
28,1007,60,0,7,7,0.1
26,1008,71,2,5,6,0.2
28,1008,58,5,7,5,0.1
33,1009,49,0,2,9,0
36,1007,32,0,3,15,0
36,1006,30,0,6,15,0
33,1006,36,0,2,11,0
30,1007,47,0,0,2,0
28,1007,52,0,0,5,0
26,1006,54,0,2,6,0
28,1007,49,0,0,8,0
34,1008,34,0,0,11,0
39,1006,20,0,1,14,0
38,1004,24,26,2,15,0
36,1006,37,52,6,11,0
34,1006,51,0,10,3,0
30,1005,51,0,11,5,0
26,1006,79,0,6,5,0
28,1007,75,0,5,4,0
34,1008,48,0,2,8,0
37,1006,34,0,2,15,0
36,1005,38,0,4,14,0
33,1005,45,0,4,10,0.1
30,1006,58,0,2,10,0
28,1006,61,0,3,8,0
26,1005,68,0,2,4,0
28,1006,67,0,1,5,0
34,1006,44,0,1,8,0
39,1004,24,0,5,14,0
39,1002,22,0,4,14,0
36,1003,32,0,3,14,0
33,1005,52,0,0,12,0
30,1006,63,0,4,4,0
26,1006,77,0,7,5,0
28,1007,74,0,7,5,0
34,1007,50,0,5,5,0
37,1005,32,0,5,9,0
37,1003,30,0,11,15,0
35,1005,45,0,9,12,0
32,1006,65,0,10,5,0
30,1005,60,0,12,6,0
26,1006,78,0,9,6,0
28,1007,74,0,7,5,0
32,1007,55,0,7,5,0
29,1006,74,0,12,6,0
27,1006,77,0,10,5,0
29,1007,77,0,11,5,0
33,1007,59,0,9,5,0
36,1005,47,0,8,4,0
33,1003,55,0,8,3,0
28,1004,64,0,7,3,0
24,1005,69,0,10,4,0
23,1005,69,0,11,5,0
28,1004,76,0,12,5,0
27,1005,79,0,8,5,0
29,1005,68,0,4,6,0
33,1003,50,15,11,9,0
29,1002,60,48,11,11,0.1
30,1004,64,39,6,2,0
27,1005,77,2,8,4,0.4
26,1006,80,7,10,5,12.53
27,1005,80,14,11,5,12.53
27,1007,74,18,11,5,12.53
28,1007,65,9,8,5,12.53
29,1005,68,29,9,9,12.53
32,1004,59,20,7,11,12.53
34,1005,57,0,5,3,0
31,1006,78,0,8,4,0
28,1006,79,0,9,5,0.3
27,1005,79,0,12,5,0
28,1007,74,0,9,5,0
32,1007,58,0,5,5,0
36,1005,46,10,6,8,0
35,1003,48,29,9,16,0
33,1005,56,18,8,12,0
30,1007,76,0,9,4,0
28,1007,77,0,11,5,0
27,1006,77,0,11,5,0
28,1008,75,0,9,5,0
32,1008,57,0,7,4,0
36,1006,45,15,6,8,0
36,1003,42,40,7,11,0
34,1004,50,21,8,2,0
31,1005,61,5,7,4,0.1
30,1005,64,0,6,5,0
28,1004,71,0,5,6,0
30,1005,69,0,5,5,0
34,1005,52,0,4,4,0
37,1003,42,16,4,6,0
36,1000,43,40,4,15,0
35,1001,49,17,3,11,0
32,1002,68,0,2,3,0
30,1002,71,0,4,5,0
29,1002,71,0,7,6,0
30,1002,67,0,8,5,0
35,1002,53,0,6,9,0
37,1000,43,0,5,15,0
37,998,44,0,8,15,0
37,1000,48,0,8,12,0
34,1001,67,0,11,5,0
31,1001,71,0,10,6,0
29,1000,74,0,11,5,0
29,1001,73,0,13,5,0
33,1001,58,0,10,5,0
37,999,44,0,6,8,0
37,997,43,0,9,15,0
34,999,54,0,11,11,0
31,1000,71,0,17,13,0
28,1000,76,0,12,5,0
26,999,84,0,8,5,0
29,1001,82,0,9,5,0
34,1001,61,0,9,5,0
36,998,46,0,10,5,0
36,997,43,0,10,4,0
35,998,52,0,10,4,0
33,1000,65,0,10,5,0
30,1000,71,0,10,5,0.2
27,1000,77,0,11,5,0.2
29,1001,76,0,10,5,0
34,1001,63,0,10,5,0.1
36,999,49,17,8,4,0
36,998,46,49,8,3,0
34,999,53,31,5,3,0
32,1000,66,0,6,4,0
29,1001,72,2,5,6,0
26,1001,76,4,2,6,0.1
29,1003,67,0,3,5,0
33,1003,52,15,1,6,0
37,1001,42,45,5,15,0
36,1000,40,30,5,15,0
35,1001,46,0,3,13,0
32,1002,61,0,3,12,0
29,1002,68,0,3,10,0
27,1002,76,0,1,3,0
31,1003,61,0,2,4,0
35,1003,43,0,7,8,0
39,1001,28,0,10,14,0
38,1000,27,0,9,14,0
35,1001,40,0,2,10,0
32,1002,57,0,1,2,0
30,1002,65,0,1,4,0
28,1001,73,0,2,5,0
31,1002,59,0,0,4,0
37,1001,41,0,3,7,0
40,999,26,0,7,14,0
40,997,26,0,4,14,0
36,998,34,0,2,13,0
33,999,52,0,0,10,0
31,999,61,0,0,3,0
30,999,69,0,1,4,0
30,1000,63,0,3,5,0
36,1001,38,0,3,9,0
40,999,25,0,6,14,0
39,998,26,0,7,14,0
36,999,41,1,5,15,0
33,1000,66,2,9,12,0.1
30,1000,71,0,7,4,0
28,1000,75,0,6,5,0
31,1002,68,0,4,4,0
37,1002,43,0,4,8,0
40,1000,28,0,4,15,0
40,999,31,0,2,15,0
38,1000,36,0,4,16,0
35,1001,56,0,3,16,0
31,1001,63,0,2,12,0
29,1001,70,0,4,4,0
30,1003,67,0,4,4,0
36,1003,42,0,4,4,0
36,1001,45,0,6,7,0
30,999,66,0,6,13,0
36,1001,45,0,5,14,0
33,1002,67,0,6,12,0
30,1002,69,0,3,4,0
28,1001,69,0,3,5,0
31,1002,59,0,2,6,0
35,1002,43,0,4,8,0
40,1000,29,0,5,15,0
39,999,30,0,7,14,0
36,999,39,0,5,15,0
33,1000,54,0,2,11,0
32,1001,61,0,0,4,0
30,1000,67,0,2,6,0
32,1001,62,0,5,5,0
38,1001,41,0,4,8,0
40,999,30,0,2,15,0
40,998,34,0,4,16,0
37,999,41,0,7,12,0
33,1000,60,0,10,4,0
31,1001,70,0,10,5,0
30,1000,74,0,9,5,0
31,1001,64,0,11,5,0
33,1001,46,0,10,5,0
37,999,42,15,10,5,0
34,998,48,45,9,3,0
28,999,66,34,8,2,0
24,1000,65,8,14,4,0.3
22,1001,72,3,13,5,0.5
27,1001,78,0,12,6,0
29,1002,73,0,12,5,0
32,1002,56,0,10,5,0
33,1000,56,0,14,5,0
33,998,54,0,11,5,0
35,999,56,8,9,5,0
32,1001,73,18,9,5,0.4
29,1001,76,8,11,5,1.3
27,1000,78,10,15,5,2.5
28,1002,82,11,14,5,2.7
32,1002,68,17,9,5,0.7
32,1000,64,33,8,5,0.1
29,998,74,29,9,5,0
33,999,67,0,8,5,0
30,1000,88,4,9,5,0.9
26,1000,89,12,8,6,2.2
24,999,89,9,5,6,0.8
28,1000,76,7,10,5,0.1
32,999,62,0,6,5,0
35,997,52,24,5,7,0.1
34,996,53,47,7,9,0.3
31,997,65,7,6,5,0.4
30,998,73,23,5,8,0.2
29,998,74,20,4,3,0.7
28,997,75,9,5,5,0.7
30,998,70,10,6,4,0
33,998,57,35,4,4,0.1
32,997,63,40,5,4,0
30,996,73,30,5,5,0
31,997,62,17,5,6,0
28,998,70,2,4,6,0.2
27,999,73,9,6,6,0.3
27,999,78,17,6,5,0.2
28,999,78,21,4,5,0.2
30,1000,69,26,3,6,0.1
30,999,65,37,3,10,0.2
33,998,54,28,4,12,0.3
32,999,59,33,3,3,0.2
30,1000,71,7,6,6,0.4
35,1001,47,45,9,9,0.1
34,1000,53,27,7,13,0.1
34,1001,53,27,6,13,0
37,1001,43,37,7,13,0
39,1001,39,46,5,13,0
40,999,37,41,4,12,0
39,999,39,30,5,12,0
37,1000,43,23,5,13,0
35,1001,49,28,4,12,0.1
33,1001,58,42,6,11,0.3
34,1001,56,40,5,12,0.1
37,1001,45,47,4,12,0.1
39,1000,39,48,3,11,0
39,998,38,41,4,12,0
39,998,39,31,4,12,0
37,999,44,31,3,11,0
36,999,48,33,4,11,0
33,998,53,37,7,11,0
34,998,52,33,8,11,0
38,999,41,45,9,13,0
39,999,39,45,8,14,0
39,997,38,41,9,14,0
38,997,40,35,9,14,0
37,998,43,53,5,13,0
36,997,45,71,4,12,0
34,997,52,64,4,10,0.2
35,997,49,45,8,10,0.3
39,998,35,21,12,13,0
41,997,29,20,11,14,0
41,995,30,43,11,13,0
40,995,34,76,11,13,0
37,997,39,54,10,12,0.1
36,997,41,19,10,12,0.2
36,996,41,25,9,12,0
36,996,43,15,13,13,0
39,997,38,23,15,13,0
41,996,33,35,15,13,0
41,994,31,51,11,13,0
40,994,36,64,10,13,0.2
36,996,47,74,9,14,1.5
34,996,58,79,5,12,3.2
33,996,62,69,6,9,2.2
33,996,62,52,7,7,0.9
35,998,56,66,8,11,1.4
36,997,55,59,8,11,2.4
34,996,67,75,13,5,4.7
32,997,73,62,14,6,0.2
30,998,76,71,14,6,0.1
30,998,78,49,9,5,1.6
30,996,78,47,1,2,3.9
31,996,73,51,5,4,1.9
34,997,62,62,8,5,0.2
35,996,54,70,9,5,1.9
36,995,55,51,10,5,6.6
34,995,63,48,9,5,12.53
31,997,71,54,11,5,4.1
30,998,75,45,9,5,1.1
31,997,74,38,5,5,3.2
31,998,72,37,6,5,2.2
34,998,63,52,7,4,0.1
35,998,56,97,10,4,1.2
34,996,63,97,15,5,3
31,996,75,95,18,5,1.6
29,997,78,99,17,5,0.3
30,997,76,44,13,5,6.7
30,996,79,48,10,5,4.5
31,997,76,44,9,5,0.3
35,998,62,63,10,5,1.1
36,998,55,95,11,5,6.9
35,997,58,86,13,5,12.53
33,997,63,54,13,5,2.6
31,998,73,49,12,5,0.1
28,997,81,100,19,5,0.3
27,994,82,99,22,4,0.2
27,994,81,100,25,4,1.7
28,995,81,100,29,4,12.53
29,995,82,100,29,5,12.53
29,994,85,100,28,5,12.53
28,994,85,99,29,6,12.53
28,996,82,94,32,5,5.5
27,997,84,95,30,5,1.6
27,996,87,100,28,5,3.3
28,998,83,100,28,6,0.6
30,1000,75,98,25,6,0.4
33,1000,68,77,23,6,0.7
34,999,64,47,21,6,1.4
32,999,69,48,16,7,4.4
30,1001,76,51,10,7,4.2
29,1001,79,67,7,7,0.1
29,1000,81,52,5,7,0.1
30,1001,76,84,4,8,0
34,1002,61,83,3,9,0
36,1000,50,64,3,11,0.1
38,998,47,46,4,13,0.3
37,998,49,67,4,13,0
35,999,56,64,6,12,0.1
33,999,65,54,8,13,0.4
32,998,70,41,7,13,0.7
33,999,67,34,7,13,0.6
36,1000,55,41,9,13,0.4
38,998,47,60,9,14,0
38,996,45,67,8,13,0
37,997,49,50,6,13,0
35,998,56,42,5,12,0
34,998,59,46,5,12,0
33,997,59,42,5,12,0.1
34,998,57,34,6,13,0
38,999,43,27,8,13,0
40,997,36,31,9,13,0
40,995,37,27,9,13,0
38,995,40,27,7,13,0
36,996,46,27,5,13,0
35,995,50,33,6,12,0
34,994,55,48,7,12,0.1
35,995,55,52,7,12,0.3
37,996,47,48,8,12,0.5
39,995,41,49,6,13,1
40,993,40,48,7,13,0.1
39,994,43,47,5,12,0
36,995,50,43,4,10,0
34,995,59,33,9,9,0
32,994,67,32,9,11,0
33,994,64,39,8,13,0
35,995,56,57,9,14,0
35,995,59,74,9,10,4
32,995,74,68,8,5,12.53
31,995,77,56,4,5,2.6
30,997,80,72,4,7,4
29,997,84,83,5,8,12.53
28,995,87,94,7,7,12.53
29,995,83,77,14,7,12.53
32,996,73,62,14,8,2.3
34,995,63,57,11,9,0.4
34,994,65,56,9,10,1.7
32,995,75,31,8,12,2.4
30,997,80,34,6,12,0.2
30,997,81,35,5,11,0.1
30,996,80,21,5,10,0.1
31,997,78,25,5,9,0
34,998,63,47,6,8,0
37,997,49,70,10,6,0
37,995,48,72,13,6,0.7
35,995,57,42,14,6,2.2
32,997,68,20,13,6,1.9
31,997,71,22,13,6,0.1
30,996,71,24,10,6,0.3
31,997,68,27,11,6,0.7
34,998,56,28,14,6,0
36,997,51,30,15,5,0
37,995,50,37,16,5,0.1
35,995,56,46,17,5,0.1
32,997,66,46,16,5,0.1
30,997,73,21,15,5,0
29,996,78,36,12,4,0
29,996,78,75,13,5,0.1
33,997,64,85,17,5,0
36,997,53,71,18,5,1
36,995,54,53,19,5,2.6
33,996,61,43,19,5,1.5
31,999,70,41,20,6,0.4
29,999,75,51,17,6,0
29,998,78,37,12,6,0
29,999,76,61,13,5,0
32,1000,63,92,16,6,0.2
35,999,53,83,19,6,0.4
35,998,53,60,19,6,0.3
33,999,62,52,17,6,0
30,1001,72,48,16,6,0
29,1001,76,52,15,5,0
30,1001,73,50,11,5,0
31,1001,68,59,9,6,0
34,1002,55,76,10,6,0
37,1001,47,64,13,6,0
37,999,47,41,15,6,0.1
35,999,55,25,15,6,0.2
31,1001,66,36,13,6,0.1
31,1001,69,65,12,6,0
30,1001,71,50,11,7,0.5
31,1002,70,39,10,6,2.2
34,1003,56,53,12,6,2.9
37,1001,48,55,13,6,0
38,999,46,37,12,6,0
36,999,51,56,10,6,0.4
33,1001,62,50,9,6,2.3
31,1002,68,57,9,6,3
30,1002,72,66,9,6,0.1
31,1002,71,55,10,5,0
35,1002,56,58,11,6,0
37,1000,46,65,11,6,0
38,998,44,58,12,6,0.6
35,998,55,62,12,5,4.4
32,1000,69,48,11,5,6.4
31,1000,73,47,10,6,0.8
30,1000,78,38,9,6,3.2
30,1000,76,33,12,5,3.7
33,1001,65,60,14,6,0.6
35,999,56,91,13,6,0.7
35,998,55,80,13,7,1.2
34,998,63,47,12,7,1.5
31,1000,72,23,10,6,1.2
30,1000,76,18,9,8,0.8
31,999,77,19,4,10,0.1
31,1000,74,15,5,10,0
35,1001,59,30,6,10,0
37,1000,,73,5,10,0.1
37,998,47,87,5,12,0
35,999,53,68,8,12,0.6
32,1001,64,26,12,13,1.2
31,1001,65,26,13,13,0.3
30,1000,64,46,15,14,0.5
30,1000,63,54,14,14,0
34,1001,52,32,16,14,0
38,1000,42,23,15,14,0
38,999,38,31,13,14,0
37,999,42,18,11,13,0
34,1000,49,16,9,13,0
33,1001,55,25,11,13,0
31,1000,62,33,13,13,0
31,1001,63,36,16,13,0
34,1001,53,45,17,14,0
37,1000,44,46,14,14,0
38,998,40,45,12,13,0
37,998,42,46,11,13,0
34,1000,47,39,10,13,0
33,1000,51,23,10,13,0
31,999,56,20,13,13,0
31,999,56,20,18,13,0
35,1000,47,23,20,14,0
37,999,41,33,17,14,0
38,997,38,23,15,13,0
37,997,42,19,12,13,0
34,998,49,24,9,13,0
33,999,55,28,12,13,0
31,999,61,19,13,14,0
31,999,60,18,14,14,0
35,1000,51,21,14,14,0
37,999,46,60,11,14,0
36,997,45,87,11,14,0
36,996,48,56,8,14,0
35,998,53,17,5,13,0
33,998,58,46,7,13,0.8
31,998,67,88,7,15,1.7
31,999,68,81,4,16,0.8
34,1000,59,76,4,15,1.7
37,1000,51,66,4,12,3.4
37,999,51,50,4,5,4.9
35,999,56,27,7,6,4.1
31,1001,63,26,11,6,2.1
29,1001,65,35,8,9,0.1
28,1000,73,66,4,14,1.8
28,1001,83,96,8,10,6.9
29,1003,80,100,11,2,12.53
31,1003,66,99,12,3,2.7
32,1002,64,97,15,4,0.6
31,1002,71,88,12,4,0.1
29,1003,76,67,9,4,0.1
28,1003,77,84,11,4,0.2
27,1002,77,96,12,3,0.5
27,1003,79,83,16,3,1.6
28,1004,82,83,19,3,5.1
30,1004,85,92,13,3,6.8
31,1001,79,60,11,3,1.7
30,1001,72,35,9,2,0.3
29,1002,76,39,6,2,0.8
28,1002,78,36,9,3,0.4
27,1001,88,69,13,4,0.2
27,1002,86,98,15,5,0.1
31,1002,72,84,17,5,0.4
34,1001,60,61,17,6,0.4
35,999,57,58,16,6,0.8
33,999,64,25,13,6,2.2
30,1001,74,19,9,7,2.1
30,1001,77,12,7,7,0
29,1001,77,18,6,6,0
30,1001,73,19,7,6,0
35,1002,56,26,10,7,0
37,1000,44,39,11,7,0
38,998,41,44,11,7,0
36,998,48,50,10,7,0.1
33,1000,61,55,9,7,0.3
31,1000,68,43,9,8,0.2
30,1000,71,54,8,10,0
30,1000,68,60,7,11,0
33,1001,57,34,6,12,0
36,1000,48,15,4,11,0
37,998,43,16,5,9,0
36,997,46,14,5,10,0
34,999,53,25,4,11,0
32,999,58,41,6,11,0
29,999,62,37,9,12,0
29,999,62,51,6,12,0
33,1000,54,56,6,11,0
36,999,47,50,5,8,0
37,998,44,44,6,7,0
36,997,47,45,5,6,0
33,999,53,51,4,6,0
32,999,58,67,4,8,0
31,999,65,62,2,13,0
32,999,63,35,2,12,0.2
35,1001,53,42,2,5,0.2
37,1000,47,59,2,7,0
37,998,45,54,2,7,0
37,998,48,41,2,4,0
35,1000,53,51,3,3,0
33,1000,57,51,3,6,0
32,1000,66,46,2,9,0.1
33,1000,64,38,3,10,0.1
37,1001,52,31,5,10,0.4
38,1000,44,35,7,9,0.5
38,998,41,44,8,9,0.1
37,998,45,35,7,9,0
34,1000,51,15,7,9,0
33,999,57,23,5,9,0
32,998,63,34,5,9,0
33,998,58,27,5,11,0
37,999,46,32,4,12,0
39,998,39,46,1,14,0
40,996,38,37,2,12,0
39,996,40,28,4,6,0
36,997,50,27,9,7,0
34,998,57,24,9,8,0
33,998,60,24,6,8,0
34,999,57,25,6,8,0
38,1000,45,30,7,8,0
39,999,40,45,8,6,0.1
39,997,42,45,11,6,0.2
37,998,50,36,11,6,0.4
33,1000,61,21,12,6,0.6
32,1001,66,33,10,7,1.2
32,1001,70,38,6,7,2
33,1002,67,28,6,7,0.1
37,1003,53,39,9,6,0.6
38,1002,45,47,9,6,2.2
38,1000,46,56,10,6,2.4
36,1000,51,29,9,6,0
34,1001,61,25,9,6,0.4
32,1002,65,40,8,7,0.8
32,1002,67,31,6,7,0.1
33,1003,64,29,6,7,0
36,1004,51,36,9,7,0
38,1002,44,51,11,6,0.1
38,1000,46,76,11,6,0
37,1000,50,41,11,6,0
33,1002,59,24,11,6,0
32,1002,67,45,11,7,0
31,1002,69,65,8,7,0.2
32,1003,67,37,8,6,0.2
35,1003,56,51,11,6,0
37,1002,47,77,13,6,0.1
37,999,46,64,13,6,0.1
35,999,53,22,12,6,0
33,1001,63,15,12,7,0
32,1001,69,20,10,7,0.1
31,1001,72,27,8,7,0
31,1001,70,29,9,6,0.1
35,1002,54,24,12,6,0
38,1000,43,37,14,6,0
38,998,45,75,13,6,0
35,998,55,95,12,6,1.4
32,1000,67,66,11,6,3.1
32,1001,69,32,10,6,0.5
31,1001,71,36,9,7,0.1
32,1002,69,31,7,7,0.6
35,1003,57,42,8,6,1.4
37,1002,49,73,8,6,1.8
37,1000,50,53,11,6,1
35,1001,57,33,11,6,0.4
33,1002,66,27,8,6,0.4
32,1002,69,31,7,7,0.4
32,1001,69,29,7,10,1
32,1002,71,28,6,11,2.2
36,1003,60,50,5,10,0.5
37,1002,50,77,5,9,0.7
38,1000,48,67,5,9,0.7
36,999,53,89,5,7,0.6
33,1001,63,76,9,6,1
32,1000,68,39,8,9,0.4
32,1000,70,51,5,11,0.4
33,1000,68,30,6,12,0.3
36,1001,54,30,7,14,0.6
38,1000,47,57,4,14,1
38,998,47,82,3,13,0.9
37,999,55,70,3,10,2.5
34,1001,70,41,6,12,5.2
32,1001,75,41,6,12,1.8
30,1001,81,64,6,12,2.6
31,1002,78,80,7,12,1.4
34,1003,67,55,9,12,0.5
36,1002,58,46,9,12,1.1
36,1000,58,65,9,13,3.2
34,999,68,47,6,13,3.8
31,1001,75,52,8,12,1.1
29,1001,79,58,9,11,2.1
28,1000,80,57,9,10,0.1
30,1001,79,44,6,12,0.2
33,1002,69,53,6,15,2.2
35,1001,63,58,10,14,6.1
34,999,68,42,14,14,5.4
31,1000,76,47,13,15,2.3
29,1001,80,60,10,15,1.7
29,1001,78,73,10,14,0.2
29,1000,75,40,15,13,0.1
30,1001,76,20,14,13,0.1
34,1002,63,29,16,13,0.4
37,1001,51,50,15,13,0.6
37,1000,52,59,13,13,2.2
34,1000,64,34,7,13,4.4
32,1002,71,24,5,13,3.4
31,1002,73,30,8,13,4.6
29,1001,72,29,15,13,0.5
29,1002,73,21,14,13,0
33,1003,61,16,16,13,0.1
36,1002,51,19,14,13,0.5
37,1000,50,16,12,13,0.7
35,1000,57,13,8,13,0
32,1001,64,15,6,12,0.6
31,1001,70,17,5,12,1.1
29,1000,72,33,3,11,0.2
30,1001,68,40,6,12,0
34,1002,55,27,6,13,0.1
37,1000,46,36,3,13,0.2
38,998,45,46,2,11,0.2
37,999,53,48,4,6,0.2
34,1000,66,46,10,6,1
31,1000,78,30,9,6,1.4
30,999,76,30,2,7,0.1
31,1000,71,41,3,11,0
35,1001,57,39,5,12,0.2
36,1000,50,52,7,14,0.8
37,998,49,45,7,14,0.7
36,999,53,62,6,14,0.1
33,1000,61,50,4,12,1.1
31,1000,70,55,4,11,2.4
30,1000,74,54,5,14,0.2
31,1000,71,27,3,10,0.1
35,1001,59,34,2,2,1
37,1001,53,61,2,6,3.3
37,999,53,52,4,15,3
36,999,59,25,4,11,0.1
33,1001,69,21,4,3,1.4
30,1000,73,46,6,8,2.7
30,999,67,79,7,12,0
31,1000,67,74,8,13,0
35,1001,54,75,8,14,0.1
37,1001,45,87,4,14,0.2
37,999,46,67,2,14,0.1
36,999,54,46,2,12,0.1
34,1001,57,48,2,9,0
33,1001,57,67,4,11,0.1
32,1000,60,95,4,14,0.1
33,1001,58,82,2,15,0
36,1002,51,51,2,12,0.3
37,1001,50,25,7,4,2.4
36,1000,56,18,10,5,3.5
34,1000,65,15,9,4,0
31,1001,74,18,9,5,0.1
30,1001,77,22,8,6,1.2
30,1000,78,36,6,6,3.2
31,1001,74,40,7,6,2
35,1002,61,52,9,5,1.4
36,1001,53,68,10,5,2.6
36,1000,56,45,12,5,2.3
33,1000,65,22,11,5,0.6
31,1002,75,18,11,6,3.3
30,1002,80,33,11,6,6.3
30,1001,80,54,7,6,0.4
30,1002,79,37,7,7,3.2
33,1003,66,30,9,5,5.2
35,1002,58,57,11,5,0
35,999,59,73,11,5,0.1
33,999,67,34,10,5,0.1
30,1001,76,42,11,5,0
30,1001,80,36,9,6,0
29,1000,83,34,6,6,0.1
31,1001,79,21,5,5,0.1
34,1002,64,32,8,4,0.1
36,1001,54,62,9,4,0
36,999,54,58,7,4,0
35,999,60,63,6,5,0.1
32,1001,69,70,7,5,0.5
31,1000,78,26,7,5,1.1
31,1000,79,22,3,3,2.6
32,1000,73,30,4,2,4.5
35,1001,59,35,6,2,0.1
37,1001,51,44,6,7,0.1
38,999,51,40,5,16,0.3
35,999,59,32,4,15,0.1
33,1001,66,27,3,11,0.4
32,1000,72,30,4,6,0.9
30,1000,75,27,6,11,0.3
31,1000,70,20,8,12,0.1
35,1002,53,16,10,13,0
38,1000,43,19,11,14,0
39,998,43,30,11,14,0
36,999,52,27,8,13,0
33,1000,58,44,6,11,0
31,1005,64,27,9,7,0.2
30,1005,73,36,8,6,0.6
31,1006,70,31,8,6,0.3
35,1007,57,41,10,6,0
37,1006,48,61,10,6,0
38,1004,48,40,8,6,0
36,1004,54,51,6,6,0
32,1005,58,39,7,5,0
31,1003,63,46,7,7,1.3
30,1003,71,47,7,7,2.4
31,1004,69,37,8,6,0.1
35,1005,56,42,12,6,0
37,1003,47,42,14,5,0.4
36,1001,50,46,12,5,0.7
34,1001,58,69,10,5,0.1
31,1003,66,64,10,6,0
30,1003,72,63,10,6,0.1
29,1002,75,45,8,5,0.1
30,1003,74,67,10,5,0.1
33,1004,62,56,14,5,0.2
35,1003,52,78,14,5,0.2
36,1000,53,48,12,5,0.1
33,1001,61,46,9,6,0.1
31,1002,68,46,9,6,0
30,1002,74,40,9,6,0
29,1003,78,21,8,6,0
30,1004,75,22,9,6,0.6
34,1005,62,44,12,6,1.8
36,1004,51,72,12,6,1.2
36,1002,51,35,11,6,0.1
34,1002,59,19,8,6,0
32,1004,66,7,9,6,0
32,1004,62,14,5,10,0
32,1003,64,5,4,11,0
32,1004,61,10,4,12,0
37,1004,50,13,3,10,0.1
39,1002,43,24,4,4,0
39,999,43,46,5,4,0.1
36,1000,52,39,6,5,0
33,1002,58,26,7,5,0.5
32,1002,68,22,6,5,2.9
29,1001,81,23,8,5,4
30,1002,82,23,9,6,0.3
33,1003,68,52,10,6,0.2
35,1002,57,73,11,5,0.3
34,1000,63,81,15,4,0.7
30,1000,76,76,16,4,0.4
27,1002,83,100,16,5,0.1
26,1002,86,100,12,4,0.2
25,1000,86,100,9,4,0.7
26,1001,88,100,10,5,4.3
27,1002,88,100,16,4,12.53
28,1002,90,100,18,2,12.53
28,1000,91,100,17,6,12.53
28,1000,91,100,10,16,3.5
27,1002,93,100,6,16,12.53
26,1002,93,100,10,11,12.53
26,1001,91,99,10,2,0.1
26,1002,87,97,9,2,0.1
28,1004,78,98,9,7,0.2
29,1004,76,100,12,12,0.5
30,1002,83,100,12,2,0.4
29,1003,86,87,10,2,0.4
28,1005,89,58,7,2,0.6
27,1005,90,67,5,5,0.3
27,1004,88,92,5,10,1.6
29,1005,81,66,7,11,4.3
34,1006,65,38,10,13,2.5
35,1004,56,28,12,13,0.4
35,1002,57,25,11,13,0.1
32,1002,69,27,9,12,0.2
29,1003,77,44,9,12,1.1
27,1011,54,14,6,5,0
26,1011,61,21,6,5,0
27,1012,59,7,6,6,0
32,1013,48,10,8,6,0
35,1012,41,29,6,6,0
34,1010,45,45,4,5,0
31,1010,55,46,4,4,0.1
28,1012,63,36,7,6,0.4
26,1012,76,18,6,6,1.1
25,1011,80,16,5,5,1.6
27,1013,77,17,6,5,0.9
31,1014,60,27,9,5,0
33,1012,49,47,10,5,0.1
33,1010,52,30,9,5,0.1
30,1011,63,11,7,5,0
27,1013,73,8,8,5,0
25,1013,80,15,7,5,0
25,1013,85,20,6,5,0
26,1014,83,21,6,5,0.1
30,1015,67,35,8,5,0.3
33,1013,53,35,9,5,0.1
32,1011,54,43,7,5,0
29,1011,63,18,5,6,0
27,1013,68,8,5,6,0
26,1013,74,9,4,7,0
26,1013,80,10,3,8,0.1
27,1014,77,9,2,8,0
32,1015,60,26,2,6,0.1
33,1013,49,49,3,3,0.1
33,1011,53,30,2,5,0.1
30,1011,64,28,2,11,0
28,1012,62,26,6,11,0
36,999,40,16,10,5,0.3
33,999,50,14,7,5,0.5
39,997,59,24,12,5,0.2
36,997,45,37,6,5,0.4
37,997,47,18,6,6,0.1
43,995,22,13,4,10,0.2
39,996,37,11,5,3,0.6
42,993,23,21,7,14,0.2
38,994,34,21,5,12,0.5
35,995,51,27,4,6,0.1
34,995,62,38,5,7,0.2
35,996,56,22,4,8,1
39,997,40,32,3,12,1.7
42,995,33,55,6,13,0.3
39,997,49,40,13,6,0.6
36,997,56,31,10,5,0.8
32,997,55,46,4,6,1.3
34,998,53,38,3,12,0.1
38,999,41,29,4,15,0.1
32,999,64,43,11,6,0.4
32,1000,64,38,10,6,2.6
36,1001,54,39,13,5,3.7
33,1001,62,31,8,6,1.6
36,1002,50,27,8,6,3.6
38,1001,43,40,11,6,0.9
41,998,35,52,5,12,0.2
39,999,40,58,4,8,0.6
35,1000,53,34,5,5,0.6
33,1001,65,39,6,6,0.8
38,1002,48,40,5,6,1.5
40,1001,40,32,7,2,0.1
39,1000,43,37,9,2,0.1
35,999,58,32,10,3,0.4
33,1000,63,45,8,5,0.5
29,1007,42,87,4,8,0.1
30,1008,42,65,5,8,0.1
34,999,54,71,6,9,0.5
32,999,62,57,5,10,1.2
33,1000,62,67,5,10,2.8
36,1000,55,76,4,10,3
37,997,47,45,7,6,0.3
34,998,57,47,9,6,0.7
32,999,66,49,6,6,2.5
30,1000,79,45,4,5,4.3
31,1001,73,30,7,4,0.1
38,1000,47,46,8,5,0.3
39,999,46,59,9,6,0.7
34,1000,59,29,6,6,0.2
32,1001,65,33,7,6,0.4
30,1001,73,40,9,5,0.2
32,1002,70,32,9,5,0.1
32,997,63,62,14,6,0.1
32,996,64,59,13,6,0.2
32,997,63,42,13,6,0.3
36,997,52,46,15,6,0.7
39,997,44,49,14,5,3.6
37,995,50,58,13,4,12.53
34,995,60,29,15,4,2.3
32,997,68,42,12,5,0.1
30,996,77,48,11,5,1.3
31,997,74,58,10,4,2.4
35,997,60,64,10,4,0
37,996,51,73,11,4,1.8
37,994,54,69,13,4,12.53
33,994,68,58,13,5,12.53
31,996,75,46,9,6,6.8
30,995,82,63,9,5,5
29,994,89,100,6,4,5.7
29,995,87,100,9,4,3.2
31,995,80,91,10,5,3.2
32,994,76,79,9,6,6.4
33,993,76,86,10,6,12.53
32,994,84,76,12,5,12.53
30,995,85,75,15,5,6
29,995,86,81,16,6,3.3
27,993,89,100,13,7,5.5
28,994,87,100,14,7,12.53
30,995,80,100,13,7,3.2
32,994,72,87,13,6,12.53
33,993,70,51,15,6,12.53
32,994,76,41,13,5,2.6
29,996,83,46,13,5,0.2
28,996,86,46,14,5,0.1
33,995,69,90,16,5,0.2
36,994,59,77,18,5,1.9
34,993,64,58,19,5,3.5
32,994,72,54,18,5,0.3
30,996,80,62,16,6,0.1
29,997,82,36,11,6,0.2
28,996,84,42,10,5,0.6
30,996,79,45,12,5,0.7
34,997,62,52,13,6,0.5
37,996,48,46,14,6,0.1
38,994,47,44,13,6,0.6
34,994,63,37,13,5,2.8
31,996,75,25,11,6,3.3
30,997,77,28,9,6,0.1
30,996,79,39,10,5,0.1
31,996,75,37,9,6,0.2
35,997,62,32,8,6,0.6
37,995,54,48,7,6,0.7
38,994,47,75,10,5,0.1
31,996,73,35,10,6,0.1
30,995,76,40,7,5,0.1
31,996,72,37,9,5,0.1
35,997,56,28,13,5,0.3
38,995,45,33,16,5,0.2
39,993,44,49,15,5,0.2
36,994,54,49,14,5,1.5
33,996,71,51,14,5,2.8
31,996,73,56,12,5,0.3
35,995,59,68,13,5,0.4
37,995,49,72,14,6,1.1
37,993,50,36,14,5,0.8
34,994,59,36,15,5,0.2
31,996,70,31,15,5,0.1
30,996,74,30,14,5,0.1
29,996,76,41,12,5,0.6
30,996,75,51,12,5,1
33,997,64,54,13,5,0.6
36,997,52,59,16,5,0.4
36,995,52,57,18,5,0.4
34,995,59,56,17,5,0.6
31,997,70,42,16,5,0.3
31,998,72,69,12,5,0.1
35,999,56,34,15,5,0.9
36,998,50,42,17,5,3.1
35,996,55,40,17,5,3.2
34,996,60,50,14,6,0.2
31,998,71,43,12,5,0.7
30,998,73,42,11,6,1.1
32,998,69,38,8,6,0.1
36,999,53,49,10,6,0.2
37,998,47,53,10,6,0.8
37,996,47,60,10,6,1.6
36,996,54,28,9,5,0.1
32,997,66,39,9,5,0.5
32,997,69,41,7,5,0.8
33,997,66,44,5,4,0.1
37,998,53,37,6,4,0.3
39,997,44,44,7,5,1.8
39,995,45,54,8,5,4.1
37,995,52,50,8,5,1.1
33,997,62,46,8,5,0.2
32,997,68,55,7,8,0.7
32,997,72,70,2,10,1.5
33,998,71,49,4,4,3.4
36,999,61,61,4,9,4.4
36,998,56,62,2,8,0.6
38,996,53,35,6,5,1.1
35,997,64,48,8,6,4
31,998,77,64,9,6,6.6
30,998,82,56,7,9,5.6
30,998,83,44,3,11,1.2
31,998,81,50,6,4,0.5
33,999,71,55,11,6,0.4
35,999,61,60,12,7,1.9
35,998,63,63,9,7,5.4
33,999,72,66,8,9,5
30,1001,82,85,8,11,3.8
28,1001,84,79,11,11,4.7
27,1000,87,100,9,11,2.1
27,1002,91,100,9,11,12.53
29,1003,89,97,11,12,12.53
31,1003,80,76,8,12,5.4
33,1002,72,48,4,12,1.8
32,1002,78,46,4,8,2.4
29,1003,85,58,5,9,2.9
28,1002,86,81,6,11,4.5
27,1001,89,89,9,12,0
28,1001,85,85,9,12,0.1
31,1002,73,66,11,12,0.4
32,1001,70,71,10,12,0.4
33,1000,75,47,6,12,0.2
32,999,78,40,4,12,0.1
30,1000,81,39,6,10,0
28,1000,84,53,8,11,0.1
27,1000,87,52,9,12,0.1
28,1000,82,53,10,12,0
32,1000,70,49,12,12,0.3
34,999,65,30,10,13,0.5
34,997,66,31,8,13,0.1
34,997,68,39,7,12,0.9
30,999,78,38,7,12,2.8
30,999,80,33,6,11,2
29,999,83,46,6,11,0.1
31,999,77,44,7,12,0.2
35,1000,62,51,9,13,0.4
36,999,56,83,9,13,1.4
36,997,59,64,8,14,2.3
34,997,67,44,5,14,0.6
32,999,76,42,4,12,0.7
31,999,77,48,4,11,0.6
31,999,81,44,2,10,0.8
31,1000,80,47,3,3,1.4
35,1001,68,42,2,8,0.6
38,1000,55,28,3,14,0.4
39,999,49,38,3,12,0.2
37,999,58,64,5,5,0.3
33,1000,72,68,9,6,0.6
31,1000,78,45,7,7,0.2
31,1000,81,27,4,7,0.1
32,1000,75,29,3,8,0.1
36,1001,59,44,3,10,0.8
38,1000,51,50,3,10,2.6
37,999,56,40,6,3,4.1
34,1000,69,43,7,4,4.2
31,1001,81,38,6,5,3.3
30,1001,82,42,5,7,0.5
30,1001,80,35,5,8,0
31,1002,75,42,6,9,0.1
35,1003,59,52,6,10,0.2
37,1002,51,59,4,8,1.4
38,1000,52,42,4,6,2.8
36,1000,61,48,7,5,1.8
33,1001,74,35,9,6,0.7
30,1002,77,37,7,8,1.6
29,1002,81,44,6,10,3.2
30,1002,77,50,6,10,0.2
35,1003,63,59,6,12,0.3
37,1002,57,63,4,9,0.6
36,1000,61,49,5,3,0.2
33,999,70,30,8,4,0.4
30,1001,76,34,9,5,0.9
35,1003,61,51,5,9,0.1
37,1003,51,36,4,8,0.3
36,1001,54,38,8,5,1
33,1002,66,42,11,5,0.9
30,1004,78,36,8,6,0.1
33,1005,65,43,12,6,0.1
33,1005,64,49,15,5,0.3
32,1004,70,67,15,5,0.3
32,1005,66,84,10,6,0.5
34,1004,58,90,10,7,2.2
34,1003,62,69,7,7,4.3
33,1002,68,38,3,5,3.2
31,1004,75,45,2,3,0.3
30,1004,76,58,3,3,0.5
29,1003,75,64,3,4,0.3
31,1004,73,49,4,6,0.1
35,1004,60,42,5,8,0.4
37,1003,51,63,5,11,2.4
37,1001,51,40,4,13,3.4
36,1000,56,30,4,9,0
32,1001,68,24,4,2,0.2
30,1002,78,42,4,5,0.6
28,1003,85,83,4,5,0.4
28,1003,81,100,7,4,0.4
32,1004,68,93,9,4,0.8
36,1003,55,72,6,4,0.6
37,1001,55,50,7,3,0.8
34,1000,64,40,7,4,0.4
31,1001,73,38,6,4,0
30,1002,78,21,6,5,0.1
29,1001,82,32,6,5,0
30,1002,78,40,7,5,0.1
34,1002,62,37,8,6,0.2
36,1002,52,37,7,6,1.4
36,1000,55,41,8,5,2.8
35,1000,62,33,6,5,0.4
31,1001,72,22,6,5,1
31,1001,75,25,5,5,2.1
30,1001,75,32,5,4,0.1
31,1001,71,31,5,4,0
36,1001,55,24,5,5,0.1
38,1000,46,36,6,5,1.2
38,998,48,43,5,5,3
36,998,56,30,6,4,1.9
33,999,69,37,6,6,1.7
29,998,78,30,10,6,3.9
29,996,78,50,6,5,1.6
30,997,75,62,10,5,0.2
34,998,61,78,16,5,0.2
35,997,55,62,19,5,0.4
34,995,58,37,17,5,0.4
29,998,83,56,4,11,12.53
29,998,85,56,2,12,0.3
31,999,81,48,2,8,0.3
34,1000,67,58,4,6,2.8
35,998,63,82,6,6,6.2
33,997,73,88,4,8,4
31,999,84,65,3,7,2.4
29,1000,86,48,3,8,0.1
36,999,51,46,18,5,0.1
36,997,52,43,18,5,0.1
33,997,62,47,17,5,0.1
33,1000,65,86,18,6,0.3
35,999,57,89,19,6,1.9
34,997,62,63,18,6,3
32,998,71,50,16,6,2.5
29,1001,80,76,11,7,6.1
32,1001,70,93,7,8,0.8
34,1001,62,72,7,8,2.3
35,999,61,57,6,7,1.8
34,999,65,65,6,8,0.1
31,1000,74,68,5,9,2.5
29,1000,81,93,5,11,5
29,999,85,65,5,14,0.6
30,1000,80,31,6,14,1
35,1000,63,35,5,15,0.3
37,999,52,58,3,12,0.4
37,996,51,44,4,5,0.5
36,996,57,34,5,5,0.1
32,998,69,35,9,6,2.1
30,999,77,39,9,10,5.4
30,998,79,62,3,12,6.1
30,1000,78,10,6,5,12.53
33,1001,67,42,10,5,2.4
35,999,57,38,11,6,0.3
29,1000,79,51,8,4,1.6
26,1000,85,50,7,2,3.1
26,1000,82,57,9,3,0.2
28,1002,75,74,14,4,0.8
30,1001,82,79,14,3,2.2
31,1000,82,86,11,4,1.7
31,999,79,70,9,4,0.2
28,1000,86,66,8,4,0.1
27,1000,88,52,10,3,1.8
27,999,90,58,11,3,3.8
28,1000,86,69,12,4,0.6
32,1001,74,79,15,5,0.4
34,999,66,71,14,5,2.9
34,997,68,41,11,5,4.7
32,997,77,31,8,5,1.9
29,998,84,20,9,5,1
36,998,57,62,16,6,0.2
36,996,57,28,13,6,1.4
34,996,70,31,9,7,2.7
31,998,80,32,9,7,1.5
31,995,77,21,3,8,3.9
31,994,75,39,4,7,0.1
32,995,71,48,4,6,0
36,996,58,28,7,5,1.4
36,995,56,37,10,5,6.3
35,993,62,39,9,6,12.53
33,994,71,54,6,6,0.5
31,996,78,47,4,6,1
30,995,80,37,6,5,1.9
30,994,79,14,6,4,0.1
31,995,77,20,9,5,2.2
34,996,65,37,14,5,6.7
36,996,59,58,15,5,5.7
34,994,64,65,15,5,2.1
31,995,75,93,9,5,1.6
29,996,80,79,9,5,0
27,995,82,50,11,4,0.2
27,995,86,83,17,4,5.7
28,996,89,100,23,4,12.53
29,996,86,100,24,5,4.2
29,995,86,100,21,5,2.6
28,995,88,84,18,6,0.6
28,997,90,51,15,6,0.5
30,999,79,45,4,8,1
29,1000,81,48,3,9,2
31,1000,76,28,4,14,0.2
35,1001,60,43,6,14,0.2
36,1000,50,61,8,14,0.2
37,998,49,37,7,13,0.1
29,1000,73,52,6,14,0.6
27,1000,83,82,8,11,2
26,1001,82,91,13,3,2
28,1002,74,97,19,4,0.1
31,1001,72,88,22,5,0.2
31,999,70,70,22,5,0.2
30,1000,73,45,19,6,0.1
32,1001,65,42,5,9,0.4
31,1001,72,27,3,8,0.5
32,1001,69,16,4,8,0
36,1002,56,26,5,9,0.8
38,1001,48,51,4,9,2.2
38,999,50,75,3,9,1.3
38,1000,58,62,3,7,0
35,1001,64,68,5,7,0.3
